global_cycle_no,session_id,cycle_no_in_session,points,start_time,end_time,duration_seconds,start_angle,end_angle,max_angle,peak_angle,peak_percent,amplitude
1,91,2,13,2026-05-22T14:47:01.508000+00:00,2026-05-22T14:47:02.708000+00:00,1.2,7.79,5.63,62.06,62.06,50.0,54.27
2,91,3,12,2026-05-22T14:47:02.708000+00:00,2026-05-22T14:47:03.818000+00:00,1.11,5.63,6.42,63.19,63.19,54.054054,56.77
3,91,4,13,2026-05-22T14:47:03.818000+00:00,2026-05-22T14:47:05.184000+00:00,1.366,6.42,3.33,62.97,62.97,43.923865,56.55
4,91,6,12,2026-05-22T14:47:06.128000+00:00,2026-05-22T14:47:07.239000+00:00,1.111,3.36,10.52,66.74,66.74,55.355536,56.22
5,91,7,12,2026-05-22T14:47:07.239000+00:00,2026-05-22T14:47:08.348000+00:00,1.109,10.52,12.89,62.69,62.69,54.102795,49.8
6,91,8,12,2026-05-22T14:47:08.348000+00:00,2026-05-22T14:47:09.459000+00:00,1.111,12.89,14.29,59.1,59.1,51.39514,44.81
7,91,9,13,2026-05-22T14:47:09.459000+00:00,2026-05-22T14:47:10.659000+00:00,1.2,14.29,8.26,60.95,60.95,50.0,46.66
8,92,2,14,2026-05-22T14:50:06.293000+00:00,2026-05-22T14:50:07.613000+00:00,1.32,9.61,4.75,67.78,67.78,54.545455,58.17
9,92,3,11,2026-05-22T14:50:07.613000+00:00,2026-05-22T14:50:08.633000+00:00,1.02,4.75,12.13,67.97,67.97,66.176471,55.84
10,92,4,13,2026-05-22T14:50:08.633000+00:00,2026-05-22T14:50:09.893000+00:00,1.26,12.13,2.36,65.34,65.34,55.952381,53.21
11,92,5,12,2026-05-22T14:50:09.893000+00:00,2026-05-22T14:50:10.973000+00:00,1.08,2.36,1.51,64.1,64.1,40.277778,61.74
12,92,6,12,2026-05-22T14:50:10.973000+00:00,2026-05-22T14:50:12.053000+00:00,1.08,1.51,6.64,73.29,73.29,54.166667,66.65
13,92,7,13,2026-05-22T14:50:12.053000+00:00,2026-05-22T14:50:13.313000+00:00,1.26,6.64,2.74,68.56,68.56,47.619048,61.92
14,92,8,12,2026-05-22T14:50:13.313000+00:00,2026-05-22T14:50:14.378000+00:00,1.065,2.74,10.66,70.03,70.03,56.338028,59.37
15,92,9,12,2026-05-22T14:50:14.378000+00:00,2026-05-22T14:50:15.473000+00:00,1.095,10.66,5.95,61.86,61.86,54.794521,51.2
16,93,2,12,2026-05-22T14:53:14.064000+00:00,2026-05-22T14:53:15.174000+00:00,1.11,8.91,1.92,59.18,59.18,43.243243,50.27
17,93,3,12,2026-05-22T14:53:15.174000+00:00,2026-05-22T14:53:16.344000+00:00,1.17,1.92,0.78,61.07,61.07,48.717949,59.15
18,93,4,12,2026-05-22T14:53:16.344000+00:00,2026-05-22T14:53:17.334000+00:00,0.99,0.78,6.95,62.64,62.64,53.030303,55.69
19,93,6,12,2026-05-22T14:53:18.474000+00:00,2026-05-22T14:53:19.674000+00:00,1.2,7.87,8.02,51.96,51.96,55.0,43.94
20,93,7,12,2026-05-22T14:53:19.674000+00:00,2026-05-22T14:53:20.754000+00:00,1.08,8.02,16.53,66.45,66.45,58.333333,49.92
21,93,8,12,2026-05-22T14:53:20.754000+00:00,2026-05-22T14:53:21.894000+00:00,1.14,16.53,7.63,67.76,67.76,52.631579,51.23
22,93,9,12,2026-05-22T14:53:21.894000+00:00,2026-05-22T14:53:22.974000+00:00,1.08,7.63,8.66,62.0,62.0,58.333333,53.34
23,93,10,12,2026-05-22T14:53:22.974000+00:00,2026-05-22T14:53:24.114000+00:00,1.14,8.66,11.63,65.81,65.81,50.0,54.18
24,93,11,12,2026-05-22T14:53:24.114000+00:00,2026-05-22T14:53:25.314000+00:00,1.2,11.63,7.29,74.45,74.45,50.083333,62.82
25,93,12,11,2026-05-22T14:53:25.314000+00:00,2026-05-22T14:53:26.334000+00:00,1.02,7.29,13.57,59.6,59.6,54.411765,46.03
26,94,2,13,2026-05-22T15:01:44.071000+00:00,2026-05-22T15:01:45.301000+00:00,1.23,6.44,4.28,64.5,64.5,59.837398,58.06
27,94,3,12,2026-05-22T15:01:45.301000+00:00,2026-05-22T15:01:46.396000+00:00,1.095,4.28,4.91,63.28,63.28,54.794521,58.37
28,94,4,12,2026-05-22T15:01:46.396000+00:00,2026-05-22T15:01:47.508000+00:00,1.112,4.91,4.48,65.41,65.41,56.654676,60.5
29,94,5,11,2026-05-22T15:01:47.508000+00:00,2026-05-22T15:01:48.513000+00:00,1.005,4.48,13.25,67.24,67.24,52.238806,53.99
30,94,6,14,2026-05-22T15:01:48.513000+00:00,2026-05-22T15:01:49.817000+00:00,1.304,13.25,5.91,59.35,59.35,53.911043,46.1
31,94,7,11,2026-05-22T15:01:49.817000+00:00,2026-05-22T15:01:50.867000+00:00,1.05,5.91,3.0,60.62,60.62,52.857143,54.71
32,94,8,12,2026-05-22T15:01:50.867000+00:00,2026-05-22T15:01:51.932000+00:00,1.065,3.0,11.58,59.6,59.6,53.521127,48.02
33,94,9,12,2026-05-22T15:01:51.932000+00:00,2026-05-22T15:01:53.072000+00:00,1.14,11.58,4.9,60.42,60.42,46.052632,48.84
34,94,10,12,2026-05-22T15:01:53.072000+00:00,2026-05-22T15:01:54.152000+00:00,1.08,4.9,7.8,65.91,65.91,55.555556,58.11
35,95,3,12,2026-05-22T15:03:49.722000+00:00,2026-05-22T15:03:50.772000+00:00,1.05,6.67,6.99,66.22,66.22,44.285714,59.23
36,95,4,11,2026-05-22T15:03:50.772000+00:00,2026-05-22T15:03:51.777000+00:00,1.005,6.99,5.77,64.64,64.64,50.746269,57.65
37,95,5,12,2026-05-22T15:03:51.777000+00:00,2026-05-22T15:03:52.902000+00:00,1.125,5.77,7.78,63.23,63.23,57.333333,55.45
38,95,6,12,2026-05-22T15:03:52.902000+00:00,2026-05-22T15:03:53.997000+00:00,1.095,7.78,2.27,60.98,60.98,45.205479,53.2
39,95,7,14,2026-05-22T15:03:53.997000+00:00,2026-05-22T15:03:55.377000+00:00,1.38,2.27,1.58,63.36,63.36,43.478261,61.09
40,95,8,10,2026-05-22T15:03:55.377000+00:00,2026-05-22T15:03:56.217000+00:00,0.84,1.58,11.21,62.12,62.12,53.571429,50.91
41,95,9,13,2026-05-22T15:03:56.217000+00:00,2026-05-22T15:03:57.417000+00:00,1.2,11.21,12.0,65.36,65.36,58.75,53.36
42,95,10,11,2026-05-22T15:03:57.417000+00:00,2026-05-22T15:03:58.422000+00:00,1.005,12.0,10.45,66.13,66.13,52.238806,54.13
43,95,11,12,2026-05-22T15:03:58.422000+00:00,2026-05-22T15:03:59.592000+00:00,1.17,10.45,9.28,63.84,63.84,51.282051,53.39
44,95,12,14,2026-05-22T15:03:59.592000+00:00,2026-05-22T15:04:00.882000+00:00,1.29,9.28,8.89,62.42,62.42,50.0,53.14
45,95,13,13,2026-05-22T15:04:00.882000+00:00,2026-05-22T15:04:02.052000+00:00,1.17,8.89,8.71,55.72,55.72,41.025641,46.83
46,95,14,11,2026-05-22T15:04:02.052000+00:00,2026-05-22T15:04:03.057000+00:00,1.005,8.71,3.02,59.6,59.6,52.238806,50.89
47,95,15,14,2026-05-22T15:04:03.057000+00:00,2026-05-22T15:04:04.422000+00:00,1.365,3.02,11.93,58.22,58.22,46.227106,46.29
48,95,16,11,2026-05-22T15:04:04.422000+00:00,2026-05-22T15:04:05.382000+00:00,0.96,11.93,11.31,46.37,46.37,37.5,34.44
49,96,2,13,2026-05-22T15:05:49.630000+00:00,2026-05-22T15:05:50.830000+00:00,1.2,8.38,6.55,61.91,61.91,60.0,53.53
50,96,3,12,2026-05-22T15:05:50.830000+00:00,2026-05-22T15:05:51.970000+00:00,1.14,6.55,3.6,62.36,62.36,53.947368,55.81
51,96,4,11,2026-05-22T15:05:51.970000+00:00,2026-05-22T15:05:52.990000+00:00,1.02,3.6,6.05,65.09,65.09,47.058824,59.04
52,96,5,12,2026-05-22T15:05:52.990000+00:00,2026-05-22T15:05:54.085000+00:00,1.095,6.05,4.22,59.16,59.16,46.575342,53.11
53,96,6,12,2026-05-22T15:05:54.085000+00:00,2026-05-22T15:05:55.195000+00:00,1.11,4.22,5.32,53.58,53.58,52.702703,48.26
54,96,7,13,2026-05-22T15:05:55.195000+00:00,2026-05-22T15:05:56.395000+00:00,1.2,5.32,7.02,68.36,68.36,50.0,61.34
55,96,8,11,2026-05-22T15:05:56.395000+00:00,2026-05-22T15:05:57.400000+00:00,1.005,7.02,13.59,70.67,70.67,49.253731,57.08
56,96,9,12,2026-05-22T15:05:57.400000+00:00,2026-05-22T15:05:58.495000+00:00,1.095,13.59,12.94,64.76,64.76,57.625571,51.17
57,96,10,12,2026-05-22T15:05:58.495000+00:00,2026-05-22T15:05:59.635000+00:00,1.14,12.94,7.26,64.25,64.25,52.631579,51.31
58,96,11,11,2026-05-22T15:05:59.635000+00:00,2026-05-22T15:06:00.640000+00:00,1.005,7.26,11.5,71.33,71.33,50.746269,59.83
59,97,2,13,2026-05-22T15:07:32.698000+00:00,2026-05-22T15:07:33.914000+00:00,1.216,3.07,5.23,69.63,69.63,49.342105,64.4
60,97,3,11,2026-05-22T15:07:33.914000+00:00,2026-05-22T15:07:34.933000+00:00,1.019,5.23,2.92,64.61,64.61,58.783121,59.38
61,97,4,13,2026-05-22T15:07:34.933000+00:00,2026-05-22T15:07:36.118000+00:00,1.185,2.92,3.14,56.04,56.04,48.101266,52.9
62,97,5,11,2026-05-22T15:07:36.118000+00:00,2026-05-22T15:07:37.183000+00:00,1.065,3.14,1.44,64.43,64.43,57.746479,61.29
63,97,6,13,2026-05-22T15:07:37.183000+00:00,2026-05-22T15:07:38.323000+00:00,1.14,1.44,6.63,58.83,58.83,50.0,52.2
64,97,7,12,2026-05-22T15:07:38.323000+00:00,2026-05-22T15:07:39.433000+00:00,1.11,6.63,9.55,60.29,60.29,56.846847,50.74
65,97,8,12,2026-05-22T15:07:39.433000+00:00,2026-05-22T15:07:40.573000+00:00,1.14,9.55,8.23,59.48,59.48,52.631579,49.93
66,97,9,13,2026-05-22T15:07:40.573000+00:00,2026-05-22T15:07:41.773000+00:00,1.2,8.23,2.74,61.62,61.62,47.5,53.39
67,97,10,11,2026-05-22T15:07:41.773000+00:00,2026-05-22T15:07:42.764000+00:00,0.991,2.74,9.3,67.84,67.84,49.949546,58.54
68,97,11,12,2026-05-22T15:07:42.764000+00:00,2026-05-22T15:07:43.873000+00:00,1.109,9.3,13.29,63.74,63.74,55.365194,50.45
69,97,12,12,2026-05-22T15:07:43.873000+00:00,2026-05-22T15:07:44.984000+00:00,1.111,13.29,9.03,60.26,60.26,54.005401,46.97
70,97,13,13,2026-05-22T15:07:44.984000+00:00,2026-05-22T15:07:46.198000+00:00,1.214,9.03,6.06,68.79,68.79,49.423394,59.76
71,98,2,12,2026-05-22T15:10:08.885000+00:00,2026-05-22T15:10:10.025000+00:00,1.14,11.78,5.87,64.63,64.63,65.789474,52.85
72,98,3,13,2026-05-22T15:10:10.025000+00:00,2026-05-22T15:10:11.240000+00:00,1.215,5.87,4.24,60.66,60.66,49.382716,54.79
73,98,4,11,2026-05-22T15:10:11.240000+00:00,2026-05-22T15:10:12.216000+00:00,0.976,4.24,8.02,60.1,60.1,63.114754,52.08
74,98,5,13,2026-05-22T15:10:12.216000+00:00,2026-05-22T15:10:13.418000+00:00,1.202,8.02,14.52,68.42,68.42,52.412646,53.9
75,98,6,12,2026-05-22T15:10:13.418000+00:00,2026-05-22T15:10:14.558000+00:00,1.14,14.52,1.28,58.21,58.21,44.824561,43.69
76,98,7,13,2026-05-22T15:10:14.558000+00:00,2026-05-22T15:10:15.876000+00:00,1.318,1.28,3.72,59.99,59.99,53.490137,56.27
77,98,8,11,2026-05-22T15:10:15.876000+00:00,2026-05-22T15:10:16.880000+00:00,1.004,3.72,6.53,65.26,65.26,50.697211,58.73
78,98,9,11,2026-05-22T15:10:16.880000+00:00,2026-05-22T15:10:17.845000+00:00,0.965,6.53,8.89,68.45,68.45,62.176166,59.56
79,98,10,13,2026-05-22T15:10:17.845000+00:00,2026-05-22T15:10:19.086000+00:00,1.241,8.89,6.95,68.01,68.01,53.988719,59.12
80,98,11,11,2026-05-22T15:10:19.086000+00:00,2026-05-22T15:10:20.065000+00:00,0.979,6.95,11.31,61.78,61.78,48.927477,50.47
81,98,12,12,2026-05-22T15:10:20.065000+00:00,2026-05-22T15:10:21.155000+00:00,1.09,11.31,8.44,64.49,64.49,58.715596,53.18
82,98,13,12,2026-05-22T15:10:21.155000+00:00,2026-05-22T15:10:22.325000+00:00,1.17,8.44,2.52,60.67,60.67,52.564103,52.23
83,98,14,12,2026-05-22T15:10:22.325000+00:00,2026-05-22T15:10:23.377000+00:00,1.052,2.52,9.31,67.65,67.65,57.034221,58.34
84,99,2,13,2026-05-22T15:14:11.504000+00:00,2026-05-22T15:14:12.674000+00:00,1.17,2.05,4.75,63.87,63.87,60.25641,59.12
85,99,3,12,2026-05-22T15:14:12.674000+00:00,2026-05-22T15:14:13.829000+00:00,1.155,4.75,9.21,61.85,61.85,51.948052,52.64
86,99,4,12,2026-05-22T15:14:13.829000+00:00,2026-05-22T15:14:14.924000+00:00,1.095,9.21,5.39,72.32,72.32,45.205479,63.11
87,99,5,11,2026-05-22T15:14:14.924000+00:00,2026-05-22T15:14:15.944000+00:00,1.02,5.39,8.34,65.55,65.55,47.058824,57.21
88,99,6,12,2026-05-22T15:14:15.944000+00:00,2026-05-22T15:14:17.054000+00:00,1.11,8.34,9.51,69.42,69.42,44.594595,59.91
89,99,7,12,2026-05-22T15:14:17.054000+00:00,2026-05-22T15:14:18.104000+00:00,1.05,9.51,4.19,64.99,64.99,42.857143,55.48
90,99,8,12,2026-05-22T15:14:18.104000+00:00,2026-05-22T15:14:19.274000+00:00,1.17,4.19,5.09,66.47,66.47,47.435897,61.38
91,99,9,11,2026-05-22T15:14:19.274000+00:00,2026-05-22T15:14:20.234000+00:00,0.96,5.09,6.47,63.55,63.55,46.875,57.08
92,99,10,12,2026-05-22T15:14:20.234000+00:00,2026-05-22T15:14:21.375000+00:00,1.141,6.47,0.31,66.47,66.47,57.843996,60.0
93,99,11,11,2026-05-22T15:14:21.375000+00:00,2026-05-22T15:14:22.334000+00:00,0.959,0.31,11.81,62.31,62.31,62.460897,50.5
94,99,12,12,2026-05-22T15:14:22.334000+00:00,2026-05-22T15:14:23.490000+00:00,1.156,11.81,17.02,69.78,69.78,57.093426,52.76
95,99,13,11,2026-05-22T15:14:23.490000+00:00,2026-05-22T15:14:24.464000+00:00,0.974,17.02,15.89,57.49,57.49,59.958932,40.47
96,100,2,13,2026-05-22T15:14:54.178000+00:00,2026-05-22T15:14:55.408000+00:00,1.23,13.17,5.08,70.54,70.54,53.658537,57.37
97,100,3,11,2026-05-22T15:14:55.408000+00:00,2026-05-22T15:14:56.398000+00:00,0.99,5.08,8.51,66.03,66.03,48.484848,57.52
98,100,4,12,2026-05-22T15:14:56.398000+00:00,2026-05-22T15:14:57.478000+00:00,1.08,8.51,3.93,66.1,66.1,55.555556,57.59
99,100,5,12,2026-05-22T15:14:57.478000+00:00,2026-05-22T15:14:58.618000+00:00,1.14,3.93,11.66,64.57,64.57,55.263158,52.91
100,100,6,11,2026-05-22T15:14:58.618000+00:00,2026-05-22T15:14:59.638000+00:00,1.02,11.66,5.28,66.48,66.48,47.058824,54.82
101,100,7,13,2026-05-22T15:14:59.638000+00:00,2026-05-22T15:15:00.838000+00:00,1.2,5.28,7.03,59.63,59.63,50.0,52.6
102,100,8,11,2026-05-22T15:15:00.838000+00:00,2026-05-22T15:15:01.828000+00:00,0.99,7.03,9.75,62.85,62.85,48.585859,53.1
103,100,9,11,2026-05-22T15:15:01.828000+00:00,2026-05-22T15:15:02.848000+00:00,1.02,9.75,12.78,69.03,69.03,50.0,56.25
104,100,10,11,2026-05-22T15:15:02.848000+00:00,2026-05-22T15:15:03.868000+00:00,1.02,12.78,9.56,68.36,68.36,63.235294,55.58
105,100,11,12,2026-05-22T15:15:03.868000+00:00,2026-05-22T15:15:04.948000+00:00,1.08,9.56,8.85,66.93,66.93,55.555556,57.37
106,100,12,11,2026-05-22T15:15:04.948000+00:00,2026-05-22T15:15:05.939000+00:00,0.991,8.85,13.39,66.13,66.13,51.463169,52.74
107,101,2,13,2026-05-22T15:16:44.976000+00:00,2026-05-22T15:16:46.176000+00:00,1.2,11.37,7.13,71.24,71.24,52.5,59.87
108,101,3,11,2026-05-22T15:16:46.176000+00:00,2026-05-22T15:16:47.225000+00:00,1.049,7.13,1.19,67.69,67.69,51.382269,60.56
109,101,4,11,2026-05-22T15:16:47.225000+00:00,2026-05-22T15:16:48.186000+00:00,0.961,1.19,11.2,65.7,65.7,62.434964,54.5
110,101,5,12,2026-05-22T15:16:48.186000+00:00,2026-05-22T15:16:49.341000+00:00,1.155,11.2,0.48,63.68,63.68,47.965368,52.48
111,101,6,12,2026-05-22T15:16:49.341000+00:00,2026-05-22T15:16:50.406000+00:00,1.065,0.48,5.02,64.69,64.69,56.338028,59.67
112,101,7,12,2026-05-22T15:16:50.406000+00:00,2026-05-22T15:16:51.576000+00:00,1.17,5.02,7.51,62.17,62.17,51.196581,54.66
113,101,8,11,2026-05-22T15:16:51.576000+00:00,2026-05-22T15:16:52.536000+00:00,0.96,7.51,11.11,68.87,68.87,50.0,57.76
114,101,9,12,2026-05-22T15:16:52.536000+00:00,2026-05-22T15:16:53.661000+00:00,1.125,11.11,8.02,65.39,65.39,53.244444,54.28
115,101,10,12,2026-05-22T15:16:53.661000+00:00,2026-05-22T15:16:54.756000+00:00,1.095,8.02,12.42,68.91,68.91,56.164384,56.49
116,101,11,12,2026-05-22T15:16:54.756000+00:00,2026-05-22T15:16:55.836000+00:00,1.08,12.42,10.19,62.12,62.12,55.555556,49.7
117,102,2,12,2026-05-22T15:19:08.467000+00:00,2026-05-22T15:19:09.577000+00:00,1.11,9.99,7.29,72.56,72.56,56.666667,62.57
118,102,3,12,2026-05-22T15:19:09.577000+00:00,2026-05-22T15:19:10.702000+00:00,1.125,7.29,8.22,73.44,73.44,58.666667,65.22
119,102,4,11,2026-05-22T15:19:10.702000+00:00,2026-05-22T15:19:11.707000+00:00,1.005,8.22,5.39,64.77,64.77,46.268657,56.55
120,102,5,12,2026-05-22T15:19:11.707000+00:00,2026-05-22T15:19:12.877000+00:00,1.17,5.39,1.25,55.4,55.4,51.282051,50.01
121,102,6,12,2026-05-22T15:19:12.877000+00:00,2026-05-22T15:19:13.942000+00:00,1.065,1.25,2.88,52.85,52.85,49.295775,49.97
122,102,7,12,2026-05-22T15:19:13.942000+00:00,2026-05-22T15:19:15.007000+00:00,1.065,2.88,9.65,64.75,64.75,54.835681,55.1
123,102,8,12,2026-05-22T15:19:15.007000+00:00,2026-05-22T15:19:16.147000+00:00,1.14,9.65,13.6,66.15,66.15,53.947368,52.55
124,102,9,11,2026-05-22T15:19:16.147000+00:00,2026-05-22T15:19:17.152000+00:00,1.005,13.6,10.94,67.41,67.41,47.761194,53.81
125,102,10,12,2026-05-22T15:19:17.152000+00:00,2026-05-22T15:19:18.232000+00:00,1.08,10.94,16.46,60.38,60.38,54.166667,43.92
126,102,11,12,2026-05-22T15:19:18.232000+00:00,2026-05-22T15:19:19.357000+00:00,1.125,16.46,3.55,64.67,64.67,46.666667,48.21
127,103,2,12,2026-05-22T15:21:03.914000+00:00,2026-05-22T15:21:05.039000+00:00,1.125,9.79,3.07,64.07,64.07,46.666667,54.28
128,103,3,11,2026-05-22T15:21:05.039000+00:00,2026-05-22T15:21:06.044000+00:00,1.005,3.07,6.3,59.33,59.33,47.761194,53.03
129,103,4,13,2026-05-22T15:21:06.044000+00:00,2026-05-22T15:21:07.244000+00:00,1.2,6.3,2.5,61.48,61.48,50.0,55.18
130,103,5,11,2026-05-22T15:21:07.244000+00:00,2026-05-22T15:21:08.264000+00:00,1.02,2.5,6.11,61.75,61.75,60.294118,55.64
131,103,6,12,2026-05-22T15:21:08.264000+00:00,2026-05-22T15:21:09.344000+00:00,1.08,6.11,11.6,66.47,66.47,55.555556,54.87
132,103,7,11,2026-05-22T15:21:09.344000+00:00,2026-05-22T15:21:10.365000+00:00,1.021,11.6,16.79,63.76,63.76,52.889324,46.97
133,103,8,12,2026-05-22T15:21:10.365000+00:00,2026-05-22T15:21:11.490000+00:00,1.125,16.79,1.58,59.57,59.57,47.911111,42.78
134,103,9,11,2026-05-22T15:21:11.490000+00:00,2026-05-22T15:21:12.495000+00:00,1.005,1.58,9.48,55.68,55.68,59.701493,46.2
135,103,10,11,2026-05-22T15:21:12.495000+00:00,2026-05-22T15:21:13.499000+00:00,1.004,9.48,8.23,67.12,67.12,59.760956,57.64
136,104,2,13,2026-05-22T15:25:31.692000+00:00,2026-05-22T15:25:32.907000+00:00,1.215,10.21,2.49,63.93,63.93,49.465021,53.72
137,104,3,12,2026-05-22T15:25:32.907000+00:00,2026-05-22T15:25:34.017000+00:00,1.11,2.49,7.51,64.4,64.4,47.387387,56.89
138,104,4,11,2026-05-22T15:25:34.017000+00:00,2026-05-22T15:25:35.007000+00:00,0.99,7.51,10.35,57.81,57.81,50.0,47.46
139,104,5,12,2026-05-22T15:25:35.007000+00:00,2026-05-22T15:25:36.132000+00:00,1.125,10.35,1.61,63.42,63.42,57.333333,53.07
140,104,6,12,2026-05-22T15:25:36.132000+00:00,2026-05-22T15:25:37.227000+00:00,1.095,1.61,8.02,63.7,63.7,54.794521,55.68
141,104,7,12,2026-05-22T15:25:37.227000+00:00,2026-05-22T15:25:38.352000+00:00,1.125,8.02,8.6,70.35,70.35,57.333333,61.75
142,104,8,11,2026-05-22T15:25:38.352000+00:00,2026-05-22T15:25:39.343000+00:00,0.991,8.6,10.7,65.27,65.27,51.463169,54.57
143,104,9,12,2026-05-22T15:25:39.343000+00:00,2026-05-22T15:25:40.482000+00:00,1.139,10.7,9.09,64.66,64.66,53.906936,53.96
144,104,10,12,2026-05-22T15:25:40.482000+00:00,2026-05-22T15:25:41.577000+00:00,1.095,9.09,12.81,66.0,66.0,53.424658,53.19
145,104,11,14,2026-05-22T15:25:41.577000+00:00,2026-05-22T15:25:42.868000+00:00,1.291,12.81,4.14,64.3,64.3,45.31371,51.49
146,105,2,11,2026-05-22T15:26:57.270000+00:00,2026-05-22T15:26:58.230000+00:00,0.96,15.72,9.13,65.53,65.53,50.0,49.81
147,105,3,12,2026-05-22T15:26:58.230000+00:00,2026-05-22T15:26:59.340000+00:00,1.11,9.13,8.26,69.22,69.22,60.810811,60.09
148,105,4,11,2026-05-22T15:26:59.340000+00:00,2026-05-22T15:27:00.345000+00:00,1.005,8.26,7.12,65.94,65.94,53.731343,57.68
149,105,5,12,2026-05-22T15:27:00.345000+00:00,2026-05-22T15:27:01.515000+00:00,1.17,7.12,2.79,64.34,64.34,51.367521,57.22
150,105,6,12,2026-05-22T15:27:01.515000+00:00,2026-05-22T15:27:02.550000+00:00,1.035,2.79,6.22,69.72,69.72,53.623188,63.5
151,105,7,12,2026-05-22T15:27:02.550000+00:00,2026-05-22T15:27:03.720000+00:00,1.17,6.22,3.32,62.53,62.53,53.846154,56.31
152,105,8,11,2026-05-22T15:27:03.720000+00:00,2026-05-22T15:27:04.680000+00:00,0.96,3.32,9.95,69.37,69.37,62.5,59.42
153,105,9,12,2026-05-22T15:27:04.680000+00:00,2026-05-22T15:27:05.790000+00:00,1.11,9.95,11.13,70.47,70.47,58.108108,59.34
154,105,10,12,2026-05-22T15:27:05.790000+00:00,2026-05-22T15:27:06.930000+00:00,1.14,11.13,1.9,64.13,64.13,52.631579,53.0
155,105,11,11,2026-05-22T15:27:06.930000+00:00,2026-05-22T15:27:07.950000+00:00,1.02,1.9,8.68,65.36,65.36,45.588235,56.68
156,106,2,12,2026-05-22T15:29:11.350000+00:00,2026-05-22T15:29:12.429000+00:00,1.079,3.09,1.23,65.17,65.17,52.826691,62.08
157,106,3,11,2026-05-22T15:29:12.429000+00:00,2026-05-22T15:29:13.420000+00:00,0.991,1.23,5.52,63.16,63.16,50.050454,57.64
158,106,4,12,2026-05-22T15:29:13.420000+00:00,2026-05-22T15:29:14.545000+00:00,1.125,5.52,6.3,67.56,67.56,53.333333,61.26
159,106,5,12,2026-05-22T15:29:14.545000+00:00,2026-05-22T15:29:15.640000+00:00,1.095,6.3,2.63,61.4,61.4,56.164384,55.1
160,106,6,12,2026-05-22T15:29:15.640000+00:00,2026-05-22T15:29:16.765000+00:00,1.125,2.63,5.11,62.96,62.96,54.577778,57.85
161,106,7,12,2026-05-22T15:29:16.765000+00:00,2026-05-22T15:29:17.875000+00:00,1.11,5.11,8.35,68.28,68.28,54.054054,59.93
162,106,8,12,2026-05-22T15:29:17.875000+00:00,2026-05-22T15:29:18.955000+00:00,1.08,8.35,12.76,71.51,71.51,54.166667,58.75
163,106,9,12,2026-05-22T15:29:18.955000+00:00,2026-05-22T15:29:20.080000+00:00,1.125,12.76,1.37,67.24,67.24,54.666667,54.48
164,106,10,13,2026-05-22T15:29:20.080000+00:00,2026-05-22T15:29:21.295000+00:00,1.215,1.37,6.64,68.07,68.07,50.617284,61.43
165,106,11,11,2026-05-22T15:29:21.295000+00:00,2026-05-22T15:29:22.300000+00:00,1.005,6.64,8.79,60.31,60.31,50.746269,51.52
166,106,12,12,2026-05-22T15:29:22.300000+00:00,2026-05-22T15:29:23.395000+00:00,1.095,8.79,3.92,60.95,60.95,56.164384,52.16
167,107,2,12,2026-05-22T15:30:15.577000+00:00,2026-05-22T15:30:16.672000+00:00,1.095,6.51,8.77,67.61,67.61,53.424658,58.84
168,107,3,12,2026-05-22T15:30:16.672000+00:00,2026-05-22T15:30:17.782000+00:00,1.11,8.77,9.32,67.48,67.48,54.054054,58.16
169,107,4,12,2026-05-22T15:30:17.782000+00:00,2026-05-22T15:30:18.892000+00:00,1.11,9.32,8.22,67.42,67.42,54.054054,58.1
170,107,5,12,2026-05-22T15:30:18.892000+00:00,2026-05-22T15:30:19.972000+00:00,1.08,8.22,5.55,65.37,65.37,56.944444,57.15
171,107,6,12,2026-05-22T15:30:19.972000+00:00,2026-05-22T15:30:21.112000+00:00,1.14,5.55,7.22,61.75,61.75,63.157895,54.53
172,107,7,11,2026-05-22T15:30:21.112000+00:00,2026-05-22T15:30:22.222000+00:00,1.11,7.22,10.04,67.03,67.03,62.162162,56.99
173,107,8,12,2026-05-22T15:30:22.222000+00:00,2026-05-22T15:30:23.272000+00:00,1.05,10.04,10.31,63.26,63.26,54.285714,52.95
174,107,9,12,2026-05-22T15:30:23.272000+00:00,2026-05-22T15:30:24.427000+00:00,1.155,10.31,13.16,62.1,62.1,64.935065,48.94
175,107,10,12,2026-05-22T15:30:24.427000+00:00,2026-05-22T15:30:25.522000+00:00,1.095,13.16,12.36,69.26,69.26,54.794521,56.1
176,107,11,12,2026-05-22T15:30:25.522000+00:00,2026-05-22T15:30:26.632000+00:00,1.11,12.36,7.59,69.59,69.59,54.054054,57.23
177,108,2,12,2026-05-22T15:31:30.205000+00:00,2026-05-22T15:31:31.316000+00:00,1.111,8.76,8.31,63.69,63.69,54.09541,54.93
178,108,3,12,2026-05-22T15:31:31.316000+00:00,2026-05-22T15:31:32.426000+00:00,1.11,8.31,8.16,65.2,65.2,56.756757,56.89
179,108,4,12,2026-05-22T15:31:32.426000+00:00,2026-05-22T15:31:33.536000+00:00,1.11,8.16,8.03,67.21,67.21,54.054054,59.05
180,108,5,12,2026-05-22T15:31:33.536000+00:00,2026-05-22T15:31:34.616000+00:00,1.08,8.03,6.67,66.72,66.72,58.333333,58.69
181,108,6,12,2026-05-22T15:31:34.616000+00:00,2026-05-22T15:31:35.756000+00:00,1.14,6.67,11.67,62.44,62.44,55.263158,50.77
182,108,7,12,2026-05-22T15:31:35.756000+00:00,2026-05-22T15:31:36.836000+00:00,1.08,11.67,8.78,67.41,67.41,55.555556,55.74
183,108,8,12,2026-05-22T15:31:36.836000+00:00,2026-05-22T15:31:37.976000+00:00,1.14,8.78,10.82,67.9,67.9,52.631579,57.08
184,108,9,12,2026-05-22T15:31:37.976000+00:00,2026-05-22T15:31:39.071000+00:00,1.095,10.82,11.9,62.21,62.21,54.794521,50.31
185,108,10,12,2026-05-22T15:31:39.071000+00:00,2026-05-22T15:31:40.211000+00:00,1.14,11.9,10.5,67.95,67.95,51.315789,56.05
186,108,11,12,2026-05-22T15:31:40.211000+00:00,2026-05-22T15:31:41.276000+00:00,1.065,10.5,6.13,62.76,62.76,63.380282,52.26
187,109,2,12,2026-05-22T15:34:26.442000+00:00,2026-05-22T15:34:27.506000+00:00,1.064,12.67,7.99,72.08,72.08,66.259398,59.41
188,109,3,12,2026-05-22T15:34:27.506000+00:00,2026-05-22T15:34:28.618000+00:00,1.112,7.99,10.24,73.74,73.74,60.701439,63.5
189,109,4,12,2026-05-22T15:34:28.618000+00:00,2026-05-22T15:34:29.726000+00:00,1.108,10.24,6.94,70.54,70.54,48.646209,60.3
190,109,5,11,2026-05-22T15:34:29.726000+00:00,2026-05-22T15:34:30.777000+00:00,1.051,6.94,9.47,69.06,69.06,57.183635,59.59
191,109,6,13,2026-05-22T15:34:30.777000+00:00,2026-05-22T15:34:31.977000+00:00,1.2,9.47,3.12,65.5,65.5,50.0,56.03
192,109,7,12,2026-05-22T15:34:31.977000+00:00,2026-05-22T15:34:33.042000+00:00,1.065,3.12,8.15,64.93,64.93,53.521127,56.78
193,109,8,12,2026-05-22T15:34:33.042000+00:00,2026-05-22T15:34:34.197000+00:00,1.155,8.15,5.3,66.96,66.96,48.051948,58.81
194,109,9,11,2026-05-22T15:34:34.197000+00:00,2026-05-22T15:34:35.232000+00:00,1.035,5.3,7.33,69.26,69.26,57.971014,61.93
195,109,10,12,2026-05-22T15:34:35.232000+00:00,2026-05-22T15:34:36.267000+00:00,1.035,7.33,10.13,71.76,71.76,56.521739,61.63
196,109,11,12,2026-05-22T15:34:36.267000+00:00,2026-05-22T15:34:37.377000+00:00,1.11,10.13,6.35,64.36,64.36,55.405405,54.23
197,110,2,12,2026-05-22T15:37:55.839000+00:00,2026-05-22T15:37:56.934000+00:00,1.095,4.97,7.72,67.8,67.8,56.164384,60.08
198,110,3,12,2026-05-22T15:37:56.934000+00:00,2026-05-22T15:37:58.059000+00:00,1.125,7.72,8.58,64.23,64.23,54.666667,55.65
199,110,4,11,2026-05-22T15:37:58.059000+00:00,2026-05-22T15:37:59.079000+00:00,1.02,8.58,9.14,67.71,67.71,58.823529,58.57
200,110,5,14,2026-05-22T15:37:59.079000+00:00,2026-05-22T15:38:00.384000+00:00,1.305,9.14,9.17,73.13,73.13,51.724138,63.96
201,110,6,11,2026-05-22T15:38:00.384000+00:00,2026-05-22T15:38:01.359000+00:00,0.975,9.17,13.78,78.85,78.85,58.461538,65.07
202,110,7,12,2026-05-22T15:38:01.359000+00:00,2026-05-22T15:38:02.499000+00:00,1.14,13.78,14.13,71.39,71.39,48.684211,57.26
203,110,8,11,2026-05-22T15:38:02.499000+00:00,2026-05-22T15:38:03.504000+00:00,1.005,14.13,13.54,68.65,68.65,59.701493,54.52
204,110,9,12,2026-05-22T15:38:03.504000+00:00,2026-05-22T15:38:04.599000+00:00,1.095,13.54,14.11,72.01,72.01,57.534247,57.9
205,111,2,13,2026-05-22T15:40:27.504000+00:00,2026-05-22T15:40:28.704000+00:00,1.2,5.91,2.53,64.37,64.37,57.5,58.46
206,111,3,12,2026-05-22T15:40:28.704000+00:00,2026-05-22T15:40:29.799000+00:00,1.095,2.53,5.51,61.29,61.29,56.164384,55.78
207,111,4,12,2026-05-22T15:40:29.799000+00:00,2026-05-22T15:40:30.924000+00:00,1.125,5.51,3.09,63.73,63.73,46.666667,58.22
208,111,5,13,2026-05-22T15:40:30.924000+00:00,2026-05-22T15:40:32.154000+00:00,1.23,3.09,2.1,63.21,63.21,48.780488,60.12
209,111,6,13,2026-05-22T15:40:32.154000+00:00,2026-05-22T15:40:33.324000+00:00,1.17,2.1,9.8,66.29,66.29,53.846154,56.49
210,111,7,12,2026-05-22T15:40:33.324000+00:00,2026-05-22T15:40:34.434000+00:00,1.11,9.8,9.33,68.91,68.91,56.846847,59.11
211,111,8,12,2026-05-22T15:40:34.434000+00:00,2026-05-22T15:40:35.560000+00:00,1.126,9.33,8.28,69.16,69.16,53.374778,59.83
212,111,9,13,2026-05-22T15:40:35.560000+00:00,2026-05-22T15:40:36.774000+00:00,1.214,8.28,12.24,69.4,69.4,56.75453,57.16
213,111,10,12,2026-05-22T15:40:36.774000+00:00,2026-05-22T15:40:37.854000+00:00,1.08,12.24,11.2,69.42,69.42,55.555556,57.18
214,112,2,12,2026-05-22T15:41:35.532000+00:00,2026-05-22T15:41:36.658000+00:00,1.126,4.18,3.84,69.36,69.36,48.046181,65.18
215,112,3,11,2026-05-22T15:41:36.658000+00:00,2026-05-22T15:41:37.648000+00:00,0.99,3.84,5.89,61.57,61.57,50.0,55.68
216,112,4,12,2026-05-22T15:41:37.648000+00:00,2026-05-22T15:41:38.788000+00:00,1.14,5.89,0.94,70.34,70.34,57.894737,64.45
217,112,5,13,2026-05-22T15:41:38.788000+00:00,2026-05-22T15:41:39.958000+00:00,1.17,0.94,4.27,65.69,65.69,52.564103,61.42
218,112,6,12,2026-05-22T15:41:39.958000+00:00,2026-05-22T15:41:41.113000+00:00,1.155,4.27,8.01,61.43,61.43,51.948052,53.42
219,112,7,12,2026-05-22T15:41:41.113000+00:00,2026-05-22T15:41:42.178000+00:00,1.065,8.01,10.01,70.48,70.48,56.338028,60.47
220,112,8,12,2026-05-22T15:41:42.178000+00:00,2026-05-22T15:41:43.318000+00:00,1.14,10.01,7.89,68.33,68.33,52.631579,58.32
221,112,9,11,2026-05-22T15:41:43.318000+00:00,2026-05-22T15:41:44.428000+00:00,1.11,7.89,8.77,76.94,76.94,59.459459,68.17
222,112,10,12,2026-05-22T15:41:44.428000+00:00,2026-05-22T15:41:45.508000+00:00,1.08,8.77,12.34,67.16,67.16,52.777778,54.82
223,112,11,13,2026-05-22T15:41:45.508000+00:00,2026-05-22T15:41:46.753000+00:00,1.245,12.34,4.25,64.86,64.86,55.421687,52.52
224,112,12,12,2026-05-22T15:41:46.753000+00:00,2026-05-22T15:41:47.818000+00:00,1.065,4.25,7.13,72.03,72.03,56.338028,64.9
225,113,2,13,2026-05-22T15:46:42.934000+00:00,2026-05-22T15:46:44.133000+00:00,1.199,7.69,4.49,68.19,68.19,49.958299,60.5
226,113,3,11,2026-05-22T15:46:44.133000+00:00,2026-05-22T15:46:45.137000+00:00,1.004,4.49,11.45,68.74,68.74,47.908367,57.29
227,113,4,12,2026-05-22T15:46:45.137000+00:00,2026-05-22T15:46:46.218000+00:00,1.081,11.45,10.29,70.17,70.17,58.464385,58.72
228,113,5,12,2026-05-22T15:46:46.218000+00:00,2026-05-22T15:46:47.358000+00:00,1.14,10.29,6.72,69.38,69.38,55.263158,59.09
229,113,6,13,2026-05-22T15:46:47.358000+00:00,2026-05-22T15:46:48.558000+00:00,1.2,6.72,3.2,61.95,61.95,52.583333,55.23
230,113,7,11,2026-05-22T15:46:48.558000+00:00,2026-05-22T15:46:49.548000+00:00,0.99,3.2,9.95,61.84,61.84,62.020202,51.89
231,113,8,12,2026-05-22T15:46:49.548000+00:00,2026-05-22T15:46:50.673000+00:00,1.125,9.95,8.72,69.28,69.28,56.088889,59.33
232,113,9,12,2026-05-22T15:46:50.673000+00:00,2026-05-22T15:46:51.768000+00:00,1.095,8.72,9.66,68.19,68.19,53.515982,58.53
233,113,10,14,2026-05-22T15:46:51.768000+00:00,2026-05-22T15:46:53.073000+00:00,1.305,9.66,5.97,63.24,63.24,54.022989,53.58
234,113,11,11,2026-05-22T15:46:53.073000+00:00,2026-05-22T15:46:54.078000+00:00,1.005,5.97,6.75,66.55,66.55,52.636816,59.8
235,113,12,12,2026-05-22T15:46:54.078000+00:00,2026-05-22T15:46:55.191000+00:00,1.113,6.75,9.41,68.2,68.2,54.267745,58.79
236,114,2,13,2026-05-22T15:47:30.340000+00:00,2026-05-22T15:47:31.555000+00:00,1.215,7.93,7.27,68.31,68.31,56.790123,60.38
237,114,3,12,2026-05-22T15:47:31.555000+00:00,2026-05-22T15:47:32.651000+00:00,1.096,7.27,9.02,68.71,68.71,56.021898,59.69
238,114,4,12,2026-05-22T15:47:32.651000+00:00,2026-05-22T15:47:33.774000+00:00,1.123,9.02,5.69,70.78,70.78,58.593054,61.76
239,114,5,12,2026-05-22T15:47:33.774000+00:00,2026-05-22T15:47:34.871000+00:00,1.097,5.69,10.03,64.48,64.48,61.622607,54.45
240,114,6,13,2026-05-22T15:47:34.871000+00:00,2026-05-22T15:47:36.145000+00:00,1.274,10.03,1.16,55.78,55.78,56.357928,45.75
241,114,7,13,2026-05-22T15:47:36.145000+00:00,2026-05-22T15:47:37.271000+00:00,1.126,1.16,4.43,64.39,64.39,46.625222,59.96
242,114,8,12,2026-05-22T15:47:37.271000+00:00,2026-05-22T15:47:38.409000+00:00,1.138,4.43,6.08,63.05,63.05,52.724077,56.97
243,114,9,12,2026-05-22T15:47:38.409000+00:00,2026-05-22T15:47:39.490000+00:00,1.081,6.08,6.49,61.89,61.89,54.39408,55.4
244,114,10,12,2026-05-22T15:47:39.490000+00:00,2026-05-22T15:47:40.630000+00:00,1.14,6.49,8.23,67.59,67.59,52.631579,59.36
245,114,11,13,2026-05-22T15:47:40.630000+00:00,2026-05-22T15:47:41.845000+00:00,1.215,8.23,7.71,64.05,64.05,55.63786,55.82
246,114,12,12,2026-05-22T15:47:41.845000+00:00,2026-05-22T15:47:42.910000+00:00,1.065,7.71,6.89,65.02,65.02,54.929577,57.31
247,114,13,13,2026-05-22T15:47:42.910000+00:00,2026-05-22T15:47:44.110000+00:00,1.2,6.89,7.1,69.5,69.5,61.25,62.4
248,115,2,12,2026-05-22T15:50:41.986000+00:00,2026-05-22T15:50:43.142000+00:00,1.156,8.07,1.32,68.29,68.29,46.712803,60.22
249,115,3,11,2026-05-22T15:50:43.142000+00:00,2026-05-22T15:50:44.147000+00:00,1.005,1.32,5.63,68.94,68.94,47.761194,63.31
250,115,4,12,2026-05-22T15:50:44.147000+00:00,2026-05-22T15:50:45.226000+00:00,1.079,5.63,6.35,70.03,70.03,55.699722,63.68
251,115,5,13,2026-05-22T15:50:45.226000+00:00,2026-05-22T15:50:46.440000+00:00,1.214,6.35,5.84,67.85,67.85,60.543657,61.5
252,115,6,12,2026-05-22T15:50:46.440000+00:00,2026-05-22T15:50:47.567000+00:00,1.127,5.84,8.72,61.66,61.66,51.020408,52.94
253,115,7,12,2026-05-22T15:50:47.567000+00:00,2026-05-22T15:50:48.662000+00:00,1.095,8.72,7.32,67.31,67.31,56.621005,58.59
254,115,8,12,2026-05-22T15:50:48.662000+00:00,2026-05-22T15:50:49.788000+00:00,1.126,7.32,9.26,68.98,68.98,45.381883,59.72
255,115,9,12,2026-05-22T15:50:49.788000+00:00,2026-05-22T15:50:50.867000+00:00,1.079,9.26,12.29,63.53,63.53,55.514365,51.24
256,115,10,12,2026-05-22T15:50:50.867000+00:00,2026-05-22T15:50:51.992000+00:00,1.125,12.29,0.66,66.87,66.87,46.666667,54.58
