cycle_index,time_seconds,cycle_time_seconds,percent,standard_angle,mean_angle,sd_angle,cycle_duration_seconds
1,0.0,0.0,0.0,7.586953,7.5525,3.572775,1.099791
1,0.010998,0.010998,1.0,7.604191,7.586953,3.376153,1.099791
1,0.021996,0.021996,2.0,7.619833,7.621407,3.222586,1.099791
1,0.032994,0.032994,3.0,7.646448,7.655902,3.118441,1.099791
1,0.043992,0.043992,4.0,7.664506,7.682401,3.053607,1.099791
1,0.05499,0.05499,5.0,7.67354,7.685576,3.022483,1.099791
1,0.065987,0.065987,6.0,7.678867,7.677244,3.016023,1.099791
1,0.076985,0.076985,7.0,7.690991,7.666576,3.03064,1.099791
1,0.087983,0.087983,8.0,7.724949,7.68254,3.04292,1.099791
1,0.098981,0.098981,9.0,7.795631,7.74302,3.051358,1.099791
1,0.109979,0.109979,10.0,7.917776,7.855367,3.049697,1.099791
1,0.120977,0.120977,11.0,8.09952,8.030651,3.034465,1.099791
1,0.131975,0.131975,12.0,8.342751,8.2773,3.004506,1.099791
1,0.142973,0.142973,13.0,8.640338,8.591261,2.991117,1.099791
1,0.153971,0.153971,14.0,8.983434,8.959178,2.979044,1.099791
1,0.164969,0.164969,15.0,9.362079,9.343303,3.006427,1.099791
1,0.175967,0.175967,16.0,9.763306,9.746129,3.041865,1.099791
1,0.186964,0.186964,17.0,10.182871,10.170524,3.096882,1.099791
1,0.197962,0.197962,18.0,10.635271,10.597398,3.17314,1.099791
1,0.20896,0.20896,19.0,11.133485,11.056999,3.270518,1.099791
1,0.219958,0.219958,20.0,11.686911,11.605304,3.38174,1.099791
1,0.230956,0.230956,21.0,12.309763,12.237202,3.500009,1.099791
1,0.241954,0.241954,22.0,13.003448,12.937653,3.631283,1.099791
1,0.252952,0.252952,23.0,13.763056,13.711658,3.766779,1.099791
1,0.26395,0.26395,24.0,14.579418,14.525422,3.958008,1.099791
1,0.274948,0.274948,25.0,15.443244,15.403346,4.222332,1.099791
1,0.285946,0.285946,26.0,16.35741,16.319012,4.54473,1.099791
1,0.296944,0.296944,27.0,17.341871,17.256782,4.864593,1.099791
1,0.307941,0.307941,28.0,18.405479,18.282488,5.197482,1.099791
1,0.318939,0.318939,29.0,19.570429,19.447728,5.519047,1.099791
1,0.329937,0.329937,30.0,20.844457,20.721383,5.839719,1.099791
1,0.340935,0.340935,31.0,22.225857,22.143765,6.12774,1.099791
1,0.351933,0.351933,32.0,23.707045,23.626923,6.459994,1.099791
1,0.362931,0.362931,33.0,25.281901,25.189486,6.803949,1.099791
1,0.373929,0.373929,34.0,26.954461,26.853666,7.162857,1.099791
1,0.384927,0.384927,35.0,28.753746,28.595664,7.526677,1.099791
1,0.395925,0.395925,36.0,30.699016,30.506568,7.829693,1.099791
1,0.406923,0.406923,37.0,32.793018,32.623345,8.091659,1.099791
1,0.417921,0.417921,38.0,35.031947,34.915836,8.241441,1.099791
1,0.428918,0.428918,39.0,37.369649,37.323679,8.340537,1.099791
1,0.439916,0.439916,40.0,39.780487,39.790305,8.392064,1.099791
1,0.450914,0.450914,41.0,42.220829,42.195081,8.325335,1.099791
1,0.461912,0.461912,42.0,44.661222,44.677534,8.110071,1.099791
1,0.47291,0.47291,43.0,47.054016,47.117546,7.969469,1.099791
1,0.483908,0.483908,44.0,49.379745,49.525642,7.817075,1.099791
1,0.494906,0.494906,45.0,51.585802,51.754277,7.584987,1.099791
1,0.505904,0.505904,46.0,53.615542,53.823726,7.211647,1.099791
1,0.516902,0.516902,47.0,55.422889,55.707819,6.807594,1.099791
1,0.5279,0.5279,48.0,57.016993,57.266247,6.342877,1.099791
1,0.538898,0.538898,49.0,58.3664,58.562378,5.871135,1.099791
1,0.549895,0.549895,50.0,59.460026,59.724793,5.524941,1.099791
1,0.560893,0.560893,51.0,60.325363,60.570762,5.267783,1.099791
1,0.571891,0.571891,52.0,60.960828,61.175948,5.175277,1.099791
1,0.582889,0.582889,53.0,61.308142,61.592936,5.245873,1.099791
1,0.593887,0.593887,54.0,61.363057,61.739703,5.495228,1.099791
1,0.604885,0.604885,55.0,61.105934,61.461363,5.934006,1.099791
1,0.615883,0.615883,56.0,60.514118,60.845334,6.616597,1.099791
1,0.626881,0.626881,57.0,59.595414,59.890332,7.293995,1.099791
1,0.637879,0.637879,58.0,58.406167,58.63386,7.92342,1.099791
1,0.648877,0.648877,59.0,56.982786,57.146179,8.451821,1.099791
1,0.659875,0.659875,60.0,55.362119,55.51513,8.900736,1.099791
1,0.670873,0.670873,61.0,53.57152,53.728428,9.341243,1.099791
1,0.68187,0.68187,62.0,51.61132,51.786998,9.699178,1.099791
1,0.692868,0.692868,63.0,49.477876,49.680865,10.010841,1.099791
1,0.703866,0.703866,64.0,47.177209,47.345178,10.257065,1.099791
1,0.714864,0.714864,65.0,44.70585,44.847913,10.488891,1.099791
1,0.725862,0.725862,66.0,42.084991,42.225089,10.571723,1.099791
1,0.73686,0.73686,67.0,39.345647,39.430207,10.392818,1.099791
1,0.747858,0.747858,68.0,36.53682,36.57657,10.056972,1.099791
1,0.758856,0.758856,69.0,33.731632,33.648456,9.696235,1.099791
1,0.769854,0.769854,70.0,31.034271,30.803781,9.492646,1.099791
1,0.780852,0.780852,71.0,28.501488,28.199145,9.224032,1.099791
1,0.79185,0.79185,72.0,26.179829,25.943406,8.793717,1.099791
1,0.802847,0.802847,73.0,24.072257,23.912652,8.290889,1.099791
1,0.813845,0.813845,74.0,22.138895,22.040162,7.748636,1.099791
1,0.824843,0.824843,75.0,20.31727,20.265919,7.137725,1.099791
1,0.835841,0.835841,76.0,18.566367,18.532337,6.563293,1.099791
1,0.846839,0.846839,77.0,16.873857,16.83528,6.030579,1.099791
1,0.857837,0.857837,78.0,15.249668,15.158139,5.567615,1.099791
1,0.868835,0.868835,79.0,13.726293,13.577613,5.158114,1.099791
1,0.879833,0.879833,80.0,12.367309,12.144972,4.808986,1.099791
1,0.890831,0.890831,81.0,11.22999,10.915461,4.474282,1.099791
1,0.901829,0.901829,82.0,10.330291,10.040362,4.019399,1.099791
1,0.912827,0.912827,83.0,9.668941,9.471543,3.652702,1.099791
1,0.923824,0.923824,84.0,9.229513,9.079116,3.355177,1.099791
1,0.934822,0.934822,85.0,8.954654,8.838223,3.193066,1.099791
1,0.94582,0.94582,86.0,8.796072,8.718321,3.09241,1.099791
1,0.956818,0.956818,87.0,8.718306,8.666065,3.037086,1.099791
1,0.967816,0.967816,88.0,8.683225,8.678636,2.968605,1.099791
1,0.978814,0.978814,89.0,8.655859,8.690283,2.928691,1.099791
1,0.989812,0.989812,90.0,8.615463,8.662817,2.888687,1.099791
1,1.00081,1.00081,91.0,8.546204,8.581493,2.871673,1.099791
1,1.011808,1.011808,92.0,8.446905,8.464087,2.876681,1.099791
1,1.022806,1.022806,93.0,8.327564,8.332339,2.898645,1.099791
1,1.033804,1.033804,94.0,8.201254,8.193788,2.93347,1.099791
1,1.044801,1.044801,95.0,8.078997,8.066114,2.974628,1.099791
1,1.055799,1.055799,96.0,7.964459,7.949941,3.039226,1.099791
1,1.066797,1.066797,97.0,7.859163,7.852801,3.124557,1.099791
1,1.077795,1.077795,98.0,7.760932,7.759651,3.251597,1.099791
1,1.088793,1.088793,99.0,7.71368,7.667306,3.413889,1.099791
1,1.099791,1.099791,100.0,7.667306,7.574961,3.606236,1.099791
2,1.110789,0.010998,1.0,7.604191,7.586953,3.376153,1.099791
2,1.121787,0.021996,2.0,7.619833,7.621407,3.222586,1.099791
2,1.132785,0.032994,3.0,7.646448,7.655902,3.118441,1.099791
2,1.143783,0.043992,4.0,7.664506,7.682401,3.053607,1.099791
2,1.154781,0.05499,5.0,7.67354,7.685576,3.022483,1.099791
2,1.165778,0.065987,6.0,7.678867,7.677244,3.016023,1.099791
2,1.176776,0.076985,7.0,7.690991,7.666576,3.03064,1.099791
2,1.187774,0.087983,8.0,7.724949,7.68254,3.04292,1.099791
2,1.198772,0.098981,9.0,7.795631,7.74302,3.051358,1.099791
2,1.20977,0.109979,10.0,7.917776,7.855367,3.049697,1.099791
2,1.220768,0.120977,11.0,8.09952,8.030651,3.034465,1.099791
2,1.231766,0.131975,12.0,8.342751,8.2773,3.004506,1.099791
2,1.242764,0.142973,13.0,8.640338,8.591261,2.991117,1.099791
2,1.253762,0.153971,14.0,8.983434,8.959178,2.979044,1.099791
2,1.26476,0.164969,15.0,9.362079,9.343303,3.006427,1.099791
2,1.275758,0.175967,16.0,9.763306,9.746129,3.041865,1.099791
2,1.286755,0.186964,17.0,10.182871,10.170524,3.096882,1.099791
2,1.297753,0.197962,18.0,10.635271,10.597398,3.17314,1.099791
2,1.308751,0.20896,19.0,11.133485,11.056999,3.270518,1.099791
2,1.319749,0.219958,20.0,11.686911,11.605304,3.38174,1.099791
2,1.330747,0.230956,21.0,12.309763,12.237202,3.500009,1.099791
2,1.341745,0.241954,22.0,13.003448,12.937653,3.631283,1.099791
2,1.352743,0.252952,23.0,13.763056,13.711658,3.766779,1.099791
2,1.363741,0.26395,24.0,14.579418,14.525422,3.958008,1.099791
2,1.374739,0.274948,25.0,15.443244,15.403346,4.222332,1.099791
2,1.385737,0.285946,26.0,16.35741,16.319012,4.54473,1.099791
2,1.396735,0.296944,27.0,17.341871,17.256782,4.864593,1.099791
2,1.407732,0.307941,28.0,18.405479,18.282488,5.197482,1.099791
2,1.41873,0.318939,29.0,19.570429,19.447728,5.519047,1.099791
2,1.429728,0.329937,30.0,20.844457,20.721383,5.839719,1.099791
2,1.440726,0.340935,31.0,22.225857,22.143765,6.12774,1.099791
2,1.451724,0.351933,32.0,23.707045,23.626923,6.459994,1.099791
2,1.462722,0.362931,33.0,25.281901,25.189486,6.803949,1.099791
2,1.47372,0.373929,34.0,26.954461,26.853666,7.162857,1.099791
2,1.484718,0.384927,35.0,28.753746,28.595664,7.526677,1.099791
2,1.495716,0.395925,36.0,30.699016,30.506568,7.829693,1.099791
2,1.506714,0.406923,37.0,32.793018,32.623345,8.091659,1.099791
2,1.517712,0.417921,38.0,35.031947,34.915836,8.241441,1.099791
2,1.528709,0.428918,39.0,37.369649,37.323679,8.340537,1.099791
2,1.539707,0.439916,40.0,39.780487,39.790305,8.392064,1.099791
2,1.550705,0.450914,41.0,42.220829,42.195081,8.325335,1.099791
2,1.561703,0.461912,42.0,44.661222,44.677534,8.110071,1.099791
2,1.572701,0.47291,43.0,47.054016,47.117546,7.969469,1.099791
2,1.583699,0.483908,44.0,49.379745,49.525642,7.817075,1.099791
2,1.594697,0.494906,45.0,51.585802,51.754277,7.584987,1.099791
2,1.605695,0.505904,46.0,53.615542,53.823726,7.211647,1.099791
2,1.616693,0.516902,47.0,55.422889,55.707819,6.807594,1.099791
2,1.627691,0.5279,48.0,57.016993,57.266247,6.342877,1.099791
2,1.638689,0.538898,49.0,58.3664,58.562378,5.871135,1.099791
2,1.649687,0.549895,50.0,59.460026,59.724793,5.524941,1.099791
2,1.660684,0.560893,51.0,60.325363,60.570762,5.267783,1.099791
2,1.671682,0.571891,52.0,60.960828,61.175948,5.175277,1.099791
2,1.68268,0.582889,53.0,61.308142,61.592936,5.245873,1.099791
2,1.693678,0.593887,54.0,61.363057,61.739703,5.495228,1.099791
2,1.704676,0.604885,55.0,61.105934,61.461363,5.934006,1.099791
2,1.715674,0.615883,56.0,60.514118,60.845334,6.616597,1.099791
2,1.726672,0.626881,57.0,59.595414,59.890332,7.293995,1.099791
2,1.73767,0.637879,58.0,58.406167,58.63386,7.92342,1.099791
2,1.748668,0.648877,59.0,56.982786,57.146179,8.451821,1.099791
2,1.759666,0.659875,60.0,55.362119,55.51513,8.900736,1.099791
2,1.770664,0.670873,61.0,53.57152,53.728428,9.341243,1.099791
2,1.781661,0.68187,62.0,51.61132,51.786998,9.699178,1.099791
2,1.792659,0.692868,63.0,49.477876,49.680865,10.010841,1.099791
2,1.803657,0.703866,64.0,47.177209,47.345178,10.257065,1.099791
2,1.814655,0.714864,65.0,44.70585,44.847913,10.488891,1.099791
2,1.825653,0.725862,66.0,42.084991,42.225089,10.571723,1.099791
2,1.836651,0.73686,67.0,39.345647,39.430207,10.392818,1.099791
2,1.847649,0.747858,68.0,36.53682,36.57657,10.056972,1.099791
2,1.858647,0.758856,69.0,33.731632,33.648456,9.696235,1.099791
2,1.869645,0.769854,70.0,31.034271,30.803781,9.492646,1.099791
2,1.880643,0.780852,71.0,28.501488,28.199145,9.224032,1.099791
2,1.891641,0.79185,72.0,26.179829,25.943406,8.793717,1.099791
2,1.902638,0.802847,73.0,24.072257,23.912652,8.290889,1.099791
2,1.913636,0.813845,74.0,22.138895,22.040162,7.748636,1.099791
2,1.924634,0.824843,75.0,20.31727,20.265919,7.137725,1.099791
2,1.935632,0.835841,76.0,18.566367,18.532337,6.563293,1.099791
2,1.94663,0.846839,77.0,16.873857,16.83528,6.030579,1.099791
2,1.957628,0.857837,78.0,15.249668,15.158139,5.567615,1.099791
2,1.968626,0.868835,79.0,13.726293,13.577613,5.158114,1.099791
2,1.979624,0.879833,80.0,12.367309,12.144972,4.808986,1.099791
2,1.990622,0.890831,81.0,11.22999,10.915461,4.474282,1.099791
2,2.00162,0.901829,82.0,10.330291,10.040362,4.019399,1.099791
2,2.012618,0.912827,83.0,9.668941,9.471543,3.652702,1.099791
2,2.023615,0.923824,84.0,9.229513,9.079116,3.355177,1.099791
2,2.034613,0.934822,85.0,8.954654,8.838223,3.193066,1.099791
2,2.045611,0.94582,86.0,8.796072,8.718321,3.09241,1.099791
2,2.056609,0.956818,87.0,8.718306,8.666065,3.037086,1.099791
2,2.067607,0.967816,88.0,8.683225,8.678636,2.968605,1.099791
2,2.078605,0.978814,89.0,8.655859,8.690283,2.928691,1.099791
2,2.089603,0.989812,90.0,8.615463,8.662817,2.888687,1.099791
2,2.100601,1.00081,91.0,8.546204,8.581493,2.871673,1.099791
2,2.111599,1.011808,92.0,8.446905,8.464087,2.876681,1.099791
2,2.122597,1.022806,93.0,8.327564,8.332339,2.898645,1.099791
2,2.133595,1.033804,94.0,8.201254,8.193788,2.93347,1.099791
2,2.144592,1.044801,95.0,8.078997,8.066114,2.974628,1.099791
2,2.15559,1.055799,96.0,7.964459,7.949941,3.039226,1.099791
2,2.166588,1.066797,97.0,7.859163,7.852801,3.124557,1.099791
2,2.177586,1.077795,98.0,7.760932,7.759651,3.251597,1.099791
2,2.188584,1.088793,99.0,7.71368,7.667306,3.413889,1.099791
2,2.199582,1.099791,100.0,7.667306,7.574961,3.606236,1.099791
3,2.21058,0.010998,1.0,7.604191,7.586953,3.376153,1.099791
3,2.221578,0.021996,2.0,7.619833,7.621407,3.222586,1.099791
3,2.232576,0.032994,3.0,7.646448,7.655902,3.118441,1.099791
3,2.243574,0.043992,4.0,7.664506,7.682401,3.053607,1.099791
3,2.254572,0.05499,5.0,7.67354,7.685576,3.022483,1.099791
3,2.265569,0.065987,6.0,7.678867,7.677244,3.016023,1.099791
3,2.276567,0.076985,7.0,7.690991,7.666576,3.03064,1.099791
3,2.287565,0.087983,8.0,7.724949,7.68254,3.04292,1.099791
3,2.298563,0.098981,9.0,7.795631,7.74302,3.051358,1.099791
3,2.309561,0.109979,10.0,7.917776,7.855367,3.049697,1.099791
3,2.320559,0.120977,11.0,8.09952,8.030651,3.034465,1.099791
3,2.331557,0.131975,12.0,8.342751,8.2773,3.004506,1.099791
3,2.342555,0.142973,13.0,8.640338,8.591261,2.991117,1.099791
3,2.353553,0.153971,14.0,8.983434,8.959178,2.979044,1.099791
3,2.364551,0.164969,15.0,9.362079,9.343303,3.006427,1.099791
3,2.375549,0.175967,16.0,9.763306,9.746129,3.041865,1.099791
3,2.386546,0.186964,17.0,10.182871,10.170524,3.096882,1.099791
3,2.397544,0.197962,18.0,10.635271,10.597398,3.17314,1.099791
3,2.408542,0.20896,19.0,11.133485,11.056999,3.270518,1.099791
3,2.41954,0.219958,20.0,11.686911,11.605304,3.38174,1.099791
3,2.430538,0.230956,21.0,12.309763,12.237202,3.500009,1.099791
3,2.441536,0.241954,22.0,13.003448,12.937653,3.631283,1.099791
3,2.452534,0.252952,23.0,13.763056,13.711658,3.766779,1.099791
3,2.463532,0.26395,24.0,14.579418,14.525422,3.958008,1.099791
3,2.47453,0.274948,25.0,15.443244,15.403346,4.222332,1.099791
3,2.485528,0.285946,26.0,16.35741,16.319012,4.54473,1.099791
3,2.496526,0.296944,27.0,17.341871,17.256782,4.864593,1.099791
3,2.507523,0.307941,28.0,18.405479,18.282488,5.197482,1.099791
3,2.518521,0.318939,29.0,19.570429,19.447728,5.519047,1.099791
3,2.529519,0.329937,30.0,20.844457,20.721383,5.839719,1.099791
3,2.540517,0.340935,31.0,22.225857,22.143765,6.12774,1.099791
3,2.551515,0.351933,32.0,23.707045,23.626923,6.459994,1.099791
3,2.562513,0.362931,33.0,25.281901,25.189486,6.803949,1.099791
3,2.573511,0.373929,34.0,26.954461,26.853666,7.162857,1.099791
3,2.584509,0.384927,35.0,28.753746,28.595664,7.526677,1.099791
3,2.595507,0.395925,36.0,30.699016,30.506568,7.829693,1.099791
3,2.606505,0.406923,37.0,32.793018,32.623345,8.091659,1.099791
3,2.617503,0.417921,38.0,35.031947,34.915836,8.241441,1.099791
3,2.6285,0.428918,39.0,37.369649,37.323679,8.340537,1.099791
3,2.639498,0.439916,40.0,39.780487,39.790305,8.392064,1.099791
3,2.650496,0.450914,41.0,42.220829,42.195081,8.325335,1.099791
3,2.661494,0.461912,42.0,44.661222,44.677534,8.110071,1.099791
3,2.672492,0.47291,43.0,47.054016,47.117546,7.969469,1.099791
3,2.68349,0.483908,44.0,49.379745,49.525642,7.817075,1.099791
3,2.694488,0.494906,45.0,51.585802,51.754277,7.584987,1.099791
3,2.705486,0.505904,46.0,53.615542,53.823726,7.211647,1.099791
3,2.716484,0.516902,47.0,55.422889,55.707819,6.807594,1.099791
3,2.727482,0.5279,48.0,57.016993,57.266247,6.342877,1.099791
3,2.73848,0.538898,49.0,58.3664,58.562378,5.871135,1.099791
3,2.749477,0.549895,50.0,59.460026,59.724793,5.524941,1.099791
3,2.760475,0.560893,51.0,60.325363,60.570762,5.267783,1.099791
3,2.771473,0.571891,52.0,60.960828,61.175948,5.175277,1.099791
3,2.782471,0.582889,53.0,61.308142,61.592936,5.245873,1.099791
3,2.793469,0.593887,54.0,61.363057,61.739703,5.495228,1.099791
3,2.804467,0.604885,55.0,61.105934,61.461363,5.934006,1.099791
3,2.815465,0.615883,56.0,60.514118,60.845334,6.616597,1.099791
3,2.826463,0.626881,57.0,59.595414,59.890332,7.293995,1.099791
3,2.837461,0.637879,58.0,58.406167,58.63386,7.92342,1.099791
3,2.848459,0.648877,59.0,56.982786,57.146179,8.451821,1.099791
3,2.859457,0.659875,60.0,55.362119,55.51513,8.900736,1.099791
3,2.870455,0.670873,61.0,53.57152,53.728428,9.341243,1.099791
3,2.881452,0.68187,62.0,51.61132,51.786998,9.699178,1.099791
3,2.89245,0.692868,63.0,49.477876,49.680865,10.010841,1.099791
3,2.903448,0.703866,64.0,47.177209,47.345178,10.257065,1.099791
3,2.914446,0.714864,65.0,44.70585,44.847913,10.488891,1.099791
3,2.925444,0.725862,66.0,42.084991,42.225089,10.571723,1.099791
3,2.936442,0.73686,67.0,39.345647,39.430207,10.392818,1.099791
3,2.94744,0.747858,68.0,36.53682,36.57657,10.056972,1.099791
3,2.958438,0.758856,69.0,33.731632,33.648456,9.696235,1.099791
3,2.969436,0.769854,70.0,31.034271,30.803781,9.492646,1.099791
3,2.980434,0.780852,71.0,28.501488,28.199145,9.224032,1.099791
3,2.991432,0.79185,72.0,26.179829,25.943406,8.793717,1.099791
3,3.002429,0.802847,73.0,24.072257,23.912652,8.290889,1.099791
3,3.013427,0.813845,74.0,22.138895,22.040162,7.748636,1.099791
3,3.024425,0.824843,75.0,20.31727,20.265919,7.137725,1.099791
3,3.035423,0.835841,76.0,18.566367,18.532337,6.563293,1.099791
3,3.046421,0.846839,77.0,16.873857,16.83528,6.030579,1.099791
3,3.057419,0.857837,78.0,15.249668,15.158139,5.567615,1.099791
3,3.068417,0.868835,79.0,13.726293,13.577613,5.158114,1.099791
3,3.079415,0.879833,80.0,12.367309,12.144972,4.808986,1.099791
3,3.090413,0.890831,81.0,11.22999,10.915461,4.474282,1.099791
3,3.101411,0.901829,82.0,10.330291,10.040362,4.019399,1.099791
3,3.112409,0.912827,83.0,9.668941,9.471543,3.652702,1.099791
3,3.123406,0.923824,84.0,9.229513,9.079116,3.355177,1.099791
3,3.134404,0.934822,85.0,8.954654,8.838223,3.193066,1.099791
3,3.145402,0.94582,86.0,8.796072,8.718321,3.09241,1.099791
3,3.1564,0.956818,87.0,8.718306,8.666065,3.037086,1.099791
3,3.167398,0.967816,88.0,8.683225,8.678636,2.968605,1.099791
3,3.178396,0.978814,89.0,8.655859,8.690283,2.928691,1.099791
3,3.189394,0.989812,90.0,8.615463,8.662817,2.888687,1.099791
3,3.200392,1.00081,91.0,8.546204,8.581493,2.871673,1.099791
3,3.21139,1.011808,92.0,8.446905,8.464087,2.876681,1.099791
3,3.222388,1.022806,93.0,8.327564,8.332339,2.898645,1.099791
3,3.233386,1.033804,94.0,8.201254,8.193788,2.93347,1.099791
3,3.244383,1.044801,95.0,8.078997,8.066114,2.974628,1.099791
3,3.255381,1.055799,96.0,7.964459,7.949941,3.039226,1.099791
3,3.266379,1.066797,97.0,7.859163,7.852801,3.124557,1.099791
3,3.277377,1.077795,98.0,7.760932,7.759651,3.251597,1.099791
3,3.288375,1.088793,99.0,7.71368,7.667306,3.413889,1.099791
3,3.299373,1.099791,100.0,7.667306,7.574961,3.606236,1.099791
4,3.310371,0.010998,1.0,7.604191,7.586953,3.376153,1.099791
4,3.321369,0.021996,2.0,7.619833,7.621407,3.222586,1.099791
4,3.332367,0.032994,3.0,7.646448,7.655902,3.118441,1.099791
4,3.343365,0.043992,4.0,7.664506,7.682401,3.053607,1.099791
4,3.354363,0.05499,5.0,7.67354,7.685576,3.022483,1.099791
4,3.36536,0.065987,6.0,7.678867,7.677244,3.016023,1.099791
4,3.376358,0.076985,7.0,7.690991,7.666576,3.03064,1.099791
4,3.387356,0.087983,8.0,7.724949,7.68254,3.04292,1.099791
4,3.398354,0.098981,9.0,7.795631,7.74302,3.051358,1.099791
4,3.409352,0.109979,10.0,7.917776,7.855367,3.049697,1.099791
4,3.42035,0.120977,11.0,8.09952,8.030651,3.034465,1.099791
4,3.431348,0.131975,12.0,8.342751,8.2773,3.004506,1.099791
4,3.442346,0.142973,13.0,8.640338,8.591261,2.991117,1.099791
4,3.453344,0.153971,14.0,8.983434,8.959178,2.979044,1.099791
4,3.464342,0.164969,15.0,9.362079,9.343303,3.006427,1.099791
4,3.47534,0.175967,16.0,9.763306,9.746129,3.041865,1.099791
4,3.486337,0.186964,17.0,10.182871,10.170524,3.096882,1.099791
4,3.497335,0.197962,18.0,10.635271,10.597398,3.17314,1.099791
4,3.508333,0.20896,19.0,11.133485,11.056999,3.270518,1.099791
4,3.519331,0.219958,20.0,11.686911,11.605304,3.38174,1.099791
4,3.530329,0.230956,21.0,12.309763,12.237202,3.500009,1.099791
4,3.541327,0.241954,22.0,13.003448,12.937653,3.631283,1.099791
4,3.552325,0.252952,23.0,13.763056,13.711658,3.766779,1.099791
4,3.563323,0.26395,24.0,14.579418,14.525422,3.958008,1.099791
4,3.574321,0.274948,25.0,15.443244,15.403346,4.222332,1.099791
4,3.585319,0.285946,26.0,16.35741,16.319012,4.54473,1.099791
4,3.596317,0.296944,27.0,17.341871,17.256782,4.864593,1.099791
4,3.607314,0.307941,28.0,18.405479,18.282488,5.197482,1.099791
4,3.618312,0.318939,29.0,19.570429,19.447728,5.519047,1.099791
4,3.62931,0.329937,30.0,20.844457,20.721383,5.839719,1.099791
4,3.640308,0.340935,31.0,22.225857,22.143765,6.12774,1.099791
4,3.651306,0.351933,32.0,23.707045,23.626923,6.459994,1.099791
4,3.662304,0.362931,33.0,25.281901,25.189486,6.803949,1.099791
4,3.673302,0.373929,34.0,26.954461,26.853666,7.162857,1.099791
4,3.6843,0.384927,35.0,28.753746,28.595664,7.526677,1.099791
4,3.695298,0.395925,36.0,30.699016,30.506568,7.829693,1.099791
4,3.706296,0.406923,37.0,32.793018,32.623345,8.091659,1.099791
4,3.717294,0.417921,38.0,35.031947,34.915836,8.241441,1.099791
4,3.728291,0.428918,39.0,37.369649,37.323679,8.340537,1.099791
4,3.739289,0.439916,40.0,39.780487,39.790305,8.392064,1.099791
4,3.750287,0.450914,41.0,42.220829,42.195081,8.325335,1.099791
4,3.761285,0.461912,42.0,44.661222,44.677534,8.110071,1.099791
4,3.772283,0.47291,43.0,47.054016,47.117546,7.969469,1.099791
4,3.783281,0.483908,44.0,49.379745,49.525642,7.817075,1.099791
4,3.794279,0.494906,45.0,51.585802,51.754277,7.584987,1.099791
4,3.805277,0.505904,46.0,53.615542,53.823726,7.211647,1.099791
4,3.816275,0.516902,47.0,55.422889,55.707819,6.807594,1.099791
4,3.827273,0.5279,48.0,57.016993,57.266247,6.342877,1.099791
4,3.838271,0.538898,49.0,58.3664,58.562378,5.871135,1.099791
4,3.849268,0.549895,50.0,59.460026,59.724793,5.524941,1.099791
4,3.860266,0.560893,51.0,60.325363,60.570762,5.267783,1.099791
4,3.871264,0.571891,52.0,60.960828,61.175948,5.175277,1.099791
4,3.882262,0.582889,53.0,61.308142,61.592936,5.245873,1.099791
4,3.89326,0.593887,54.0,61.363057,61.739703,5.495228,1.099791
4,3.904258,0.604885,55.0,61.105934,61.461363,5.934006,1.099791
4,3.915256,0.615883,56.0,60.514118,60.845334,6.616597,1.099791
4,3.926254,0.626881,57.0,59.595414,59.890332,7.293995,1.099791
4,3.937252,0.637879,58.0,58.406167,58.63386,7.92342,1.099791
4,3.94825,0.648877,59.0,56.982786,57.146179,8.451821,1.099791
4,3.959248,0.659875,60.0,55.362119,55.51513,8.900736,1.099791
4,3.970246,0.670873,61.0,53.57152,53.728428,9.341243,1.099791
4,3.981243,0.68187,62.0,51.61132,51.786998,9.699178,1.099791
4,3.992241,0.692868,63.0,49.477876,49.680865,10.010841,1.099791
4,4.003239,0.703866,64.0,47.177209,47.345178,10.257065,1.099791
4,4.014237,0.714864,65.0,44.70585,44.847913,10.488891,1.099791
4,4.025235,0.725862,66.0,42.084991,42.225089,10.571723,1.099791
4,4.036233,0.73686,67.0,39.345647,39.430207,10.392818,1.099791
4,4.047231,0.747858,68.0,36.53682,36.57657,10.056972,1.099791
4,4.058229,0.758856,69.0,33.731632,33.648456,9.696235,1.099791
4,4.069227,0.769854,70.0,31.034271,30.803781,9.492646,1.099791
4,4.080225,0.780852,71.0,28.501488,28.199145,9.224032,1.099791
4,4.091223,0.79185,72.0,26.179829,25.943406,8.793717,1.099791
4,4.10222,0.802847,73.0,24.072257,23.912652,8.290889,1.099791
4,4.113218,0.813845,74.0,22.138895,22.040162,7.748636,1.099791
4,4.124216,0.824843,75.0,20.31727,20.265919,7.137725,1.099791
4,4.135214,0.835841,76.0,18.566367,18.532337,6.563293,1.099791
4,4.146212,0.846839,77.0,16.873857,16.83528,6.030579,1.099791
4,4.15721,0.857837,78.0,15.249668,15.158139,5.567615,1.099791
4,4.168208,0.868835,79.0,13.726293,13.577613,5.158114,1.099791
4,4.179206,0.879833,80.0,12.367309,12.144972,4.808986,1.099791
4,4.190204,0.890831,81.0,11.22999,10.915461,4.474282,1.099791
4,4.201202,0.901829,82.0,10.330291,10.040362,4.019399,1.099791
4,4.2122,0.912827,83.0,9.668941,9.471543,3.652702,1.099791
4,4.223197,0.923824,84.0,9.229513,9.079116,3.355177,1.099791
4,4.234195,0.934822,85.0,8.954654,8.838223,3.193066,1.099791
4,4.245193,0.94582,86.0,8.796072,8.718321,3.09241,1.099791
4,4.256191,0.956818,87.0,8.718306,8.666065,3.037086,1.099791
4,4.267189,0.967816,88.0,8.683225,8.678636,2.968605,1.099791
4,4.278187,0.978814,89.0,8.655859,8.690283,2.928691,1.099791
4,4.289185,0.989812,90.0,8.615463,8.662817,2.888687,1.099791
4,4.300183,1.00081,91.0,8.546204,8.581493,2.871673,1.099791
4,4.311181,1.011808,92.0,8.446905,8.464087,2.876681,1.099791
4,4.322179,1.022806,93.0,8.327564,8.332339,2.898645,1.099791
4,4.333177,1.033804,94.0,8.201254,8.193788,2.93347,1.099791
4,4.344174,1.044801,95.0,8.078997,8.066114,2.974628,1.099791
4,4.355172,1.055799,96.0,7.964459,7.949941,3.039226,1.099791
4,4.36617,1.066797,97.0,7.859163,7.852801,3.124557,1.099791
4,4.377168,1.077795,98.0,7.760932,7.759651,3.251597,1.099791
4,4.388166,1.088793,99.0,7.71368,7.667306,3.413889,1.099791
4,4.399164,1.099791,100.0,7.667306,7.574961,3.606236,1.099791
5,4.410162,0.010998,1.0,7.604191,7.586953,3.376153,1.099791
5,4.42116,0.021996,2.0,7.619833,7.621407,3.222586,1.099791
5,4.432158,0.032994,3.0,7.646448,7.655902,3.118441,1.099791
5,4.443156,0.043992,4.0,7.664506,7.682401,3.053607,1.099791
5,4.454154,0.05499,5.0,7.67354,7.685576,3.022483,1.099791
5,4.465151,0.065987,6.0,7.678867,7.677244,3.016023,1.099791
5,4.476149,0.076985,7.0,7.690991,7.666576,3.03064,1.099791
5,4.487147,0.087983,8.0,7.724949,7.68254,3.04292,1.099791
5,4.498145,0.098981,9.0,7.795631,7.74302,3.051358,1.099791
5,4.509143,0.109979,10.0,7.917776,7.855367,3.049697,1.099791
5,4.520141,0.120977,11.0,8.09952,8.030651,3.034465,1.099791
5,4.531139,0.131975,12.0,8.342751,8.2773,3.004506,1.099791
5,4.542137,0.142973,13.0,8.640338,8.591261,2.991117,1.099791
5,4.553135,0.153971,14.0,8.983434,8.959178,2.979044,1.099791
5,4.564133,0.164969,15.0,9.362079,9.343303,3.006427,1.099791
5,4.575131,0.175967,16.0,9.763306,9.746129,3.041865,1.099791
5,4.586128,0.186964,17.0,10.182871,10.170524,3.096882,1.099791
5,4.597126,0.197962,18.0,10.635271,10.597398,3.17314,1.099791
5,4.608124,0.20896,19.0,11.133485,11.056999,3.270518,1.099791
5,4.619122,0.219958,20.0,11.686911,11.605304,3.38174,1.099791
5,4.63012,0.230956,21.0,12.309763,12.237202,3.500009,1.099791
5,4.641118,0.241954,22.0,13.003448,12.937653,3.631283,1.099791
5,4.652116,0.252952,23.0,13.763056,13.711658,3.766779,1.099791
5,4.663114,0.26395,24.0,14.579418,14.525422,3.958008,1.099791
5,4.674112,0.274948,25.0,15.443244,15.403346,4.222332,1.099791
5,4.68511,0.285946,26.0,16.35741,16.319012,4.54473,1.099791
5,4.696108,0.296944,27.0,17.341871,17.256782,4.864593,1.099791
5,4.707105,0.307941,28.0,18.405479,18.282488,5.197482,1.099791
5,4.718103,0.318939,29.0,19.570429,19.447728,5.519047,1.099791
5,4.729101,0.329937,30.0,20.844457,20.721383,5.839719,1.099791
5,4.740099,0.340935,31.0,22.225857,22.143765,6.12774,1.099791
5,4.751097,0.351933,32.0,23.707045,23.626923,6.459994,1.099791
5,4.762095,0.362931,33.0,25.281901,25.189486,6.803949,1.099791
5,4.773093,0.373929,34.0,26.954461,26.853666,7.162857,1.099791
5,4.784091,0.384927,35.0,28.753746,28.595664,7.526677,1.099791
5,4.795089,0.395925,36.0,30.699016,30.506568,7.829693,1.099791
5,4.806087,0.406923,37.0,32.793018,32.623345,8.091659,1.099791
5,4.817085,0.417921,38.0,35.031947,34.915836,8.241441,1.099791
5,4.828082,0.428918,39.0,37.369649,37.323679,8.340537,1.099791
5,4.83908,0.439916,40.0,39.780487,39.790305,8.392064,1.099791
5,4.850078,0.450914,41.0,42.220829,42.195081,8.325335,1.099791
5,4.861076,0.461912,42.0,44.661222,44.677534,8.110071,1.099791
5,4.872074,0.47291,43.0,47.054016,47.117546,7.969469,1.099791
5,4.883072,0.483908,44.0,49.379745,49.525642,7.817075,1.099791
5,4.89407,0.494906,45.0,51.585802,51.754277,7.584987,1.099791
5,4.905068,0.505904,46.0,53.615542,53.823726,7.211647,1.099791
5,4.916066,0.516902,47.0,55.422889,55.707819,6.807594,1.099791
5,4.927064,0.5279,48.0,57.016993,57.266247,6.342877,1.099791
5,4.938062,0.538898,49.0,58.3664,58.562378,5.871135,1.099791
5,4.949059,0.549895,50.0,59.460026,59.724793,5.524941,1.099791
5,4.960057,0.560893,51.0,60.325363,60.570762,5.267783,1.099791
5,4.971055,0.571891,52.0,60.960828,61.175948,5.175277,1.099791
5,4.982053,0.582889,53.0,61.308142,61.592936,5.245873,1.099791
5,4.993051,0.593887,54.0,61.363057,61.739703,5.495228,1.099791
5,5.004049,0.604885,55.0,61.105934,61.461363,5.934006,1.099791
5,5.015047,0.615883,56.0,60.514118,60.845334,6.616597,1.099791
5,5.026045,0.626881,57.0,59.595414,59.890332,7.293995,1.099791
5,5.037043,0.637879,58.0,58.406167,58.63386,7.92342,1.099791
5,5.048041,0.648877,59.0,56.982786,57.146179,8.451821,1.099791
5,5.059039,0.659875,60.0,55.362119,55.51513,8.900736,1.099791
5,5.070037,0.670873,61.0,53.57152,53.728428,9.341243,1.099791
5,5.081034,0.68187,62.0,51.61132,51.786998,9.699178,1.099791
5,5.092032,0.692868,63.0,49.477876,49.680865,10.010841,1.099791
5,5.10303,0.703866,64.0,47.177209,47.345178,10.257065,1.099791
5,5.114028,0.714864,65.0,44.70585,44.847913,10.488891,1.099791
5,5.125026,0.725862,66.0,42.084991,42.225089,10.571723,1.099791
5,5.136024,0.73686,67.0,39.345647,39.430207,10.392818,1.099791
5,5.147022,0.747858,68.0,36.53682,36.57657,10.056972,1.099791
5,5.15802,0.758856,69.0,33.731632,33.648456,9.696235,1.099791
5,5.169018,0.769854,70.0,31.034271,30.803781,9.492646,1.099791
5,5.180016,0.780852,71.0,28.501488,28.199145,9.224032,1.099791
5,5.191014,0.79185,72.0,26.179829,25.943406,8.793717,1.099791
5,5.202011,0.802847,73.0,24.072257,23.912652,8.290889,1.099791
5,5.213009,0.813845,74.0,22.138895,22.040162,7.748636,1.099791
5,5.224007,0.824843,75.0,20.31727,20.265919,7.137725,1.099791
5,5.235005,0.835841,76.0,18.566367,18.532337,6.563293,1.099791
5,5.246003,0.846839,77.0,16.873857,16.83528,6.030579,1.099791
5,5.257001,0.857837,78.0,15.249668,15.158139,5.567615,1.099791
5,5.267999,0.868835,79.0,13.726293,13.577613,5.158114,1.099791
5,5.278997,0.879833,80.0,12.367309,12.144972,4.808986,1.099791
5,5.289995,0.890831,81.0,11.22999,10.915461,4.474282,1.099791
5,5.300993,0.901829,82.0,10.330291,10.040362,4.019399,1.099791
5,5.311991,0.912827,83.0,9.668941,9.471543,3.652702,1.099791
5,5.322988,0.923824,84.0,9.229513,9.079116,3.355177,1.099791
5,5.333986,0.934822,85.0,8.954654,8.838223,3.193066,1.099791
5,5.344984,0.94582,86.0,8.796072,8.718321,3.09241,1.099791
5,5.355982,0.956818,87.0,8.718306,8.666065,3.037086,1.099791
5,5.36698,0.967816,88.0,8.683225,8.678636,2.968605,1.099791
5,5.377978,0.978814,89.0,8.655859,8.690283,2.928691,1.099791
5,5.388976,0.989812,90.0,8.615463,8.662817,2.888687,1.099791
5,5.399974,1.00081,91.0,8.546204,8.581493,2.871673,1.099791
5,5.410972,1.011808,92.0,8.446905,8.464087,2.876681,1.099791
5,5.42197,1.022806,93.0,8.327564,8.332339,2.898645,1.099791
5,5.432968,1.033804,94.0,8.201254,8.193788,2.93347,1.099791
5,5.443965,1.044801,95.0,8.078997,8.066114,2.974628,1.099791
5,5.454963,1.055799,96.0,7.964459,7.949941,3.039226,1.099791
5,5.465961,1.066797,97.0,7.859163,7.852801,3.124557,1.099791
5,5.476959,1.077795,98.0,7.760932,7.759651,3.251597,1.099791
5,5.487957,1.088793,99.0,7.71368,7.667306,3.413889,1.099791
5,5.498955,1.099791,100.0,7.667306,7.574961,3.606236,1.099791
6,5.509953,0.010998,1.0,7.604191,7.586953,3.376153,1.099791
6,5.520951,0.021996,2.0,7.619833,7.621407,3.222586,1.099791
6,5.531949,0.032994,3.0,7.646448,7.655902,3.118441,1.099791
6,5.542947,0.043992,4.0,7.664506,7.682401,3.053607,1.099791
6,5.553945,0.05499,5.0,7.67354,7.685576,3.022483,1.099791
6,5.564942,0.065987,6.0,7.678867,7.677244,3.016023,1.099791
6,5.57594,0.076985,7.0,7.690991,7.666576,3.03064,1.099791
6,5.586938,0.087983,8.0,7.724949,7.68254,3.04292,1.099791
6,5.597936,0.098981,9.0,7.795631,7.74302,3.051358,1.099791
6,5.608934,0.109979,10.0,7.917776,7.855367,3.049697,1.099791
6,5.619932,0.120977,11.0,8.09952,8.030651,3.034465,1.099791
6,5.63093,0.131975,12.0,8.342751,8.2773,3.004506,1.099791
6,5.641928,0.142973,13.0,8.640338,8.591261,2.991117,1.099791
6,5.652926,0.153971,14.0,8.983434,8.959178,2.979044,1.099791
6,5.663924,0.164969,15.0,9.362079,9.343303,3.006427,1.099791
6,5.674922,0.175967,16.0,9.763306,9.746129,3.041865,1.099791
6,5.685919,0.186964,17.0,10.182871,10.170524,3.096882,1.099791
6,5.696917,0.197962,18.0,10.635271,10.597398,3.17314,1.099791
6,5.707915,0.20896,19.0,11.133485,11.056999,3.270518,1.099791
6,5.718913,0.219958,20.0,11.686911,11.605304,3.38174,1.099791
6,5.729911,0.230956,21.0,12.309763,12.237202,3.500009,1.099791
6,5.740909,0.241954,22.0,13.003448,12.937653,3.631283,1.099791
6,5.751907,0.252952,23.0,13.763056,13.711658,3.766779,1.099791
6,5.762905,0.26395,24.0,14.579418,14.525422,3.958008,1.099791
6,5.773903,0.274948,25.0,15.443244,15.403346,4.222332,1.099791
6,5.784901,0.285946,26.0,16.35741,16.319012,4.54473,1.099791
6,5.795899,0.296944,27.0,17.341871,17.256782,4.864593,1.099791
6,5.806896,0.307941,28.0,18.405479,18.282488,5.197482,1.099791
6,5.817894,0.318939,29.0,19.570429,19.447728,5.519047,1.099791
6,5.828892,0.329937,30.0,20.844457,20.721383,5.839719,1.099791
6,5.83989,0.340935,31.0,22.225857,22.143765,6.12774,1.099791
6,5.850888,0.351933,32.0,23.707045,23.626923,6.459994,1.099791
6,5.861886,0.362931,33.0,25.281901,25.189486,6.803949,1.099791
6,5.872884,0.373929,34.0,26.954461,26.853666,7.162857,1.099791
6,5.883882,0.384927,35.0,28.753746,28.595664,7.526677,1.099791
6,5.89488,0.395925,36.0,30.699016,30.506568,7.829693,1.099791
6,5.905878,0.406923,37.0,32.793018,32.623345,8.091659,1.099791
6,5.916876,0.417921,38.0,35.031947,34.915836,8.241441,1.099791
6,5.927873,0.428918,39.0,37.369649,37.323679,8.340537,1.099791
6,5.938871,0.439916,40.0,39.780487,39.790305,8.392064,1.099791
6,5.949869,0.450914,41.0,42.220829,42.195081,8.325335,1.099791
6,5.960867,0.461912,42.0,44.661222,44.677534,8.110071,1.099791
6,5.971865,0.47291,43.0,47.054016,47.117546,7.969469,1.099791
6,5.982863,0.483908,44.0,49.379745,49.525642,7.817075,1.099791
6,5.993861,0.494906,45.0,51.585802,51.754277,7.584987,1.099791
6,6.004859,0.505904,46.0,53.615542,53.823726,7.211647,1.099791
6,6.015857,0.516902,47.0,55.422889,55.707819,6.807594,1.099791
6,6.026855,0.5279,48.0,57.016993,57.266247,6.342877,1.099791
6,6.037853,0.538898,49.0,58.3664,58.562378,5.871135,1.099791
6,6.04885,0.549895,50.0,59.460026,59.724793,5.524941,1.099791
6,6.059848,0.560893,51.0,60.325363,60.570762,5.267783,1.099791
6,6.070846,0.571891,52.0,60.960828,61.175948,5.175277,1.099791
6,6.081844,0.582889,53.0,61.308142,61.592936,5.245873,1.099791
6,6.092842,0.593887,54.0,61.363057,61.739703,5.495228,1.099791
6,6.10384,0.604885,55.0,61.105934,61.461363,5.934006,1.099791
6,6.114838,0.615883,56.0,60.514118,60.845334,6.616597,1.099791
6,6.125836,0.626881,57.0,59.595414,59.890332,7.293995,1.099791
6,6.136834,0.637879,58.0,58.406167,58.63386,7.92342,1.099791
6,6.147832,0.648877,59.0,56.982786,57.146179,8.451821,1.099791
6,6.15883,0.659875,60.0,55.362119,55.51513,8.900736,1.099791
6,6.169828,0.670873,61.0,53.57152,53.728428,9.341243,1.099791
6,6.180825,0.68187,62.0,51.61132,51.786998,9.699178,1.099791
6,6.191823,0.692868,63.0,49.477876,49.680865,10.010841,1.099791
6,6.202821,0.703866,64.0,47.177209,47.345178,10.257065,1.099791
6,6.213819,0.714864,65.0,44.70585,44.847913,10.488891,1.099791
6,6.224817,0.725862,66.0,42.084991,42.225089,10.571723,1.099791
6,6.235815,0.73686,67.0,39.345647,39.430207,10.392818,1.099791
6,6.246813,0.747858,68.0,36.53682,36.57657,10.056972,1.099791
6,6.257811,0.758856,69.0,33.731632,33.648456,9.696235,1.099791
6,6.268809,0.769854,70.0,31.034271,30.803781,9.492646,1.099791
6,6.279807,0.780852,71.0,28.501488,28.199145,9.224032,1.099791
6,6.290805,0.79185,72.0,26.179829,25.943406,8.793717,1.099791
6,6.301802,0.802847,73.0,24.072257,23.912652,8.290889,1.099791
6,6.3128,0.813845,74.0,22.138895,22.040162,7.748636,1.099791
6,6.323798,0.824843,75.0,20.31727,20.265919,7.137725,1.099791
6,6.334796,0.835841,76.0,18.566367,18.532337,6.563293,1.099791
6,6.345794,0.846839,77.0,16.873857,16.83528,6.030579,1.099791
6,6.356792,0.857837,78.0,15.249668,15.158139,5.567615,1.099791
6,6.36779,0.868835,79.0,13.726293,13.577613,5.158114,1.099791
6,6.378788,0.879833,80.0,12.367309,12.144972,4.808986,1.099791
6,6.389786,0.890831,81.0,11.22999,10.915461,4.474282,1.099791
6,6.400784,0.901829,82.0,10.330291,10.040362,4.019399,1.099791
6,6.411782,0.912827,83.0,9.668941,9.471543,3.652702,1.099791
6,6.422779,0.923824,84.0,9.229513,9.079116,3.355177,1.099791
6,6.433777,0.934822,85.0,8.954654,8.838223,3.193066,1.099791
6,6.444775,0.94582,86.0,8.796072,8.718321,3.09241,1.099791
6,6.455773,0.956818,87.0,8.718306,8.666065,3.037086,1.099791
6,6.466771,0.967816,88.0,8.683225,8.678636,2.968605,1.099791
6,6.477769,0.978814,89.0,8.655859,8.690283,2.928691,1.099791
6,6.488767,0.989812,90.0,8.615463,8.662817,2.888687,1.099791
6,6.499765,1.00081,91.0,8.546204,8.581493,2.871673,1.099791
6,6.510763,1.011808,92.0,8.446905,8.464087,2.876681,1.099791
6,6.521761,1.022806,93.0,8.327564,8.332339,2.898645,1.099791
6,6.532759,1.033804,94.0,8.201254,8.193788,2.93347,1.099791
6,6.543756,1.044801,95.0,8.078997,8.066114,2.974628,1.099791
6,6.554754,1.055799,96.0,7.964459,7.949941,3.039226,1.099791
6,6.565752,1.066797,97.0,7.859163,7.852801,3.124557,1.099791
6,6.57675,1.077795,98.0,7.760932,7.759651,3.251597,1.099791
6,6.587748,1.088793,99.0,7.71368,7.667306,3.413889,1.099791
6,6.598746,1.099791,100.0,7.667306,7.574961,3.606236,1.099791
7,6.609744,0.010998,1.0,7.604191,7.586953,3.376153,1.099791
7,6.620742,0.021996,2.0,7.619833,7.621407,3.222586,1.099791
7,6.63174,0.032994,3.0,7.646448,7.655902,3.118441,1.099791
7,6.642738,0.043992,4.0,7.664506,7.682401,3.053607,1.099791
7,6.653736,0.05499,5.0,7.67354,7.685576,3.022483,1.099791
7,6.664733,0.065987,6.0,7.678867,7.677244,3.016023,1.099791
7,6.675731,0.076985,7.0,7.690991,7.666576,3.03064,1.099791
7,6.686729,0.087983,8.0,7.724949,7.68254,3.04292,1.099791
7,6.697727,0.098981,9.0,7.795631,7.74302,3.051358,1.099791
7,6.708725,0.109979,10.0,7.917776,7.855367,3.049697,1.099791
7,6.719723,0.120977,11.0,8.09952,8.030651,3.034465,1.099791
7,6.730721,0.131975,12.0,8.342751,8.2773,3.004506,1.099791
7,6.741719,0.142973,13.0,8.640338,8.591261,2.991117,1.099791
7,6.752717,0.153971,14.0,8.983434,8.959178,2.979044,1.099791
7,6.763715,0.164969,15.0,9.362079,9.343303,3.006427,1.099791
7,6.774713,0.175967,16.0,9.763306,9.746129,3.041865,1.099791
7,6.78571,0.186964,17.0,10.182871,10.170524,3.096882,1.099791
7,6.796708,0.197962,18.0,10.635271,10.597398,3.17314,1.099791
7,6.807706,0.20896,19.0,11.133485,11.056999,3.270518,1.099791
7,6.818704,0.219958,20.0,11.686911,11.605304,3.38174,1.099791
7,6.829702,0.230956,21.0,12.309763,12.237202,3.500009,1.099791
7,6.8407,0.241954,22.0,13.003448,12.937653,3.631283,1.099791
7,6.851698,0.252952,23.0,13.763056,13.711658,3.766779,1.099791
7,6.862696,0.26395,24.0,14.579418,14.525422,3.958008,1.099791
7,6.873694,0.274948,25.0,15.443244,15.403346,4.222332,1.099791
7,6.884692,0.285946,26.0,16.35741,16.319012,4.54473,1.099791
7,6.89569,0.296944,27.0,17.341871,17.256782,4.864593,1.099791
7,6.906687,0.307941,28.0,18.405479,18.282488,5.197482,1.099791
7,6.917685,0.318939,29.0,19.570429,19.447728,5.519047,1.099791
7,6.928683,0.329937,30.0,20.844457,20.721383,5.839719,1.099791
7,6.939681,0.340935,31.0,22.225857,22.143765,6.12774,1.099791
7,6.950679,0.351933,32.0,23.707045,23.626923,6.459994,1.099791
7,6.961677,0.362931,33.0,25.281901,25.189486,6.803949,1.099791
7,6.972675,0.373929,34.0,26.954461,26.853666,7.162857,1.099791
7,6.983673,0.384927,35.0,28.753746,28.595664,7.526677,1.099791
7,6.994671,0.395925,36.0,30.699016,30.506568,7.829693,1.099791
7,7.005669,0.406923,37.0,32.793018,32.623345,8.091659,1.099791
7,7.016667,0.417921,38.0,35.031947,34.915836,8.241441,1.099791
7,7.027664,0.428918,39.0,37.369649,37.323679,8.340537,1.099791
7,7.038662,0.439916,40.0,39.780487,39.790305,8.392064,1.099791
7,7.04966,0.450914,41.0,42.220829,42.195081,8.325335,1.099791
7,7.060658,0.461912,42.0,44.661222,44.677534,8.110071,1.099791
7,7.071656,0.47291,43.0,47.054016,47.117546,7.969469,1.099791
7,7.082654,0.483908,44.0,49.379745,49.525642,7.817075,1.099791
7,7.093652,0.494906,45.0,51.585802,51.754277,7.584987,1.099791
7,7.10465,0.505904,46.0,53.615542,53.823726,7.211647,1.099791
7,7.115648,0.516902,47.0,55.422889,55.707819,6.807594,1.099791
7,7.126646,0.5279,48.0,57.016993,57.266247,6.342877,1.099791
7,7.137644,0.538898,49.0,58.3664,58.562378,5.871135,1.099791
7,7.148642,0.549895,50.0,59.460026,59.724793,5.524941,1.099791
7,7.159639,0.560893,51.0,60.325363,60.570762,5.267783,1.099791
7,7.170637,0.571891,52.0,60.960828,61.175948,5.175277,1.099791
7,7.181635,0.582889,53.0,61.308142,61.592936,5.245873,1.099791
7,7.192633,0.593887,54.0,61.363057,61.739703,5.495228,1.099791
7,7.203631,0.604885,55.0,61.105934,61.461363,5.934006,1.099791
7,7.214629,0.615883,56.0,60.514118,60.845334,6.616597,1.099791
7,7.225627,0.626881,57.0,59.595414,59.890332,7.293995,1.099791
7,7.236625,0.637879,58.0,58.406167,58.63386,7.92342,1.099791
7,7.247623,0.648877,59.0,56.982786,57.146179,8.451821,1.099791
7,7.258621,0.659875,60.0,55.362119,55.51513,8.900736,1.099791
7,7.269619,0.670873,61.0,53.57152,53.728428,9.341243,1.099791
7,7.280616,0.68187,62.0,51.61132,51.786998,9.699178,1.099791
7,7.291614,0.692868,63.0,49.477876,49.680865,10.010841,1.099791
7,7.302612,0.703866,64.0,47.177209,47.345178,10.257065,1.099791
7,7.31361,0.714864,65.0,44.70585,44.847913,10.488891,1.099791
7,7.324608,0.725862,66.0,42.084991,42.225089,10.571723,1.099791
7,7.335606,0.73686,67.0,39.345647,39.430207,10.392818,1.099791
7,7.346604,0.747858,68.0,36.53682,36.57657,10.056972,1.099791
7,7.357602,0.758856,69.0,33.731632,33.648456,9.696235,1.099791
7,7.3686,0.769854,70.0,31.034271,30.803781,9.492646,1.099791
7,7.379598,0.780852,71.0,28.501488,28.199145,9.224032,1.099791
7,7.390596,0.79185,72.0,26.179829,25.943406,8.793717,1.099791
7,7.401593,0.802847,73.0,24.072257,23.912652,8.290889,1.099791
7,7.412591,0.813845,74.0,22.138895,22.040162,7.748636,1.099791
7,7.423589,0.824843,75.0,20.31727,20.265919,7.137725,1.099791
7,7.434587,0.835841,76.0,18.566367,18.532337,6.563293,1.099791
7,7.445585,0.846839,77.0,16.873857,16.83528,6.030579,1.099791
7,7.456583,0.857837,78.0,15.249668,15.158139,5.567615,1.099791
7,7.467581,0.868835,79.0,13.726293,13.577613,5.158114,1.099791
7,7.478579,0.879833,80.0,12.367309,12.144972,4.808986,1.099791
7,7.489577,0.890831,81.0,11.22999,10.915461,4.474282,1.099791
7,7.500575,0.901829,82.0,10.330291,10.040362,4.019399,1.099791
7,7.511573,0.912827,83.0,9.668941,9.471543,3.652702,1.099791
7,7.52257,0.923824,84.0,9.229513,9.079116,3.355177,1.099791
7,7.533568,0.934822,85.0,8.954654,8.838223,3.193066,1.099791
7,7.544566,0.94582,86.0,8.796072,8.718321,3.09241,1.099791
7,7.555564,0.956818,87.0,8.718306,8.666065,3.037086,1.099791
7,7.566562,0.967816,88.0,8.683225,8.678636,2.968605,1.099791
7,7.57756,0.978814,89.0,8.655859,8.690283,2.928691,1.099791
7,7.588558,0.989812,90.0,8.615463,8.662817,2.888687,1.099791
7,7.599556,1.00081,91.0,8.546204,8.581493,2.871673,1.099791
7,7.610554,1.011808,92.0,8.446905,8.464087,2.876681,1.099791
7,7.621552,1.022806,93.0,8.327564,8.332339,2.898645,1.099791
7,7.63255,1.033804,94.0,8.201254,8.193788,2.93347,1.099791
7,7.643547,1.044801,95.0,8.078997,8.066114,2.974628,1.099791
7,7.654545,1.055799,96.0,7.964459,7.949941,3.039226,1.099791
7,7.665543,1.066797,97.0,7.859163,7.852801,3.124557,1.099791
7,7.676541,1.077795,98.0,7.760932,7.759651,3.251597,1.099791
7,7.687539,1.088793,99.0,7.71368,7.667306,3.413889,1.099791
7,7.698537,1.099791,100.0,7.667306,7.574961,3.606236,1.099791
8,7.709535,0.010998,1.0,7.604191,7.586953,3.376153,1.099791
8,7.720533,0.021996,2.0,7.619833,7.621407,3.222586,1.099791
8,7.731531,0.032994,3.0,7.646448,7.655902,3.118441,1.099791
8,7.742529,0.043992,4.0,7.664506,7.682401,3.053607,1.099791
8,7.753527,0.05499,5.0,7.67354,7.685576,3.022483,1.099791
8,7.764524,0.065987,6.0,7.678867,7.677244,3.016023,1.099791
8,7.775522,0.076985,7.0,7.690991,7.666576,3.03064,1.099791
8,7.78652,0.087983,8.0,7.724949,7.68254,3.04292,1.099791
8,7.797518,0.098981,9.0,7.795631,7.74302,3.051358,1.099791
8,7.808516,0.109979,10.0,7.917776,7.855367,3.049697,1.099791
8,7.819514,0.120977,11.0,8.09952,8.030651,3.034465,1.099791
8,7.830512,0.131975,12.0,8.342751,8.2773,3.004506,1.099791
8,7.84151,0.142973,13.0,8.640338,8.591261,2.991117,1.099791
8,7.852508,0.153971,14.0,8.983434,8.959178,2.979044,1.099791
8,7.863506,0.164969,15.0,9.362079,9.343303,3.006427,1.099791
8,7.874504,0.175967,16.0,9.763306,9.746129,3.041865,1.099791
8,7.885501,0.186964,17.0,10.182871,10.170524,3.096882,1.099791
8,7.896499,0.197962,18.0,10.635271,10.597398,3.17314,1.099791
8,7.907497,0.20896,19.0,11.133485,11.056999,3.270518,1.099791
8,7.918495,0.219958,20.0,11.686911,11.605304,3.38174,1.099791
8,7.929493,0.230956,21.0,12.309763,12.237202,3.500009,1.099791
8,7.940491,0.241954,22.0,13.003448,12.937653,3.631283,1.099791
8,7.951489,0.252952,23.0,13.763056,13.711658,3.766779,1.099791
8,7.962487,0.26395,24.0,14.579418,14.525422,3.958008,1.099791
8,7.973485,0.274948,25.0,15.443244,15.403346,4.222332,1.099791
8,7.984483,0.285946,26.0,16.35741,16.319012,4.54473,1.099791
8,7.995481,0.296944,27.0,17.341871,17.256782,4.864593,1.099791
8,8.006478,0.307941,28.0,18.405479,18.282488,5.197482,1.099791
8,8.017476,0.318939,29.0,19.570429,19.447728,5.519047,1.099791
8,8.028474,0.329937,30.0,20.844457,20.721383,5.839719,1.099791
8,8.039472,0.340935,31.0,22.225857,22.143765,6.12774,1.099791
8,8.05047,0.351933,32.0,23.707045,23.626923,6.459994,1.099791
8,8.061468,0.362931,33.0,25.281901,25.189486,6.803949,1.099791
8,8.072466,0.373929,34.0,26.954461,26.853666,7.162857,1.099791
8,8.083464,0.384927,35.0,28.753746,28.595664,7.526677,1.099791
8,8.094462,0.395925,36.0,30.699016,30.506568,7.829693,1.099791
8,8.10546,0.406923,37.0,32.793018,32.623345,8.091659,1.099791
8,8.116458,0.417921,38.0,35.031947,34.915836,8.241441,1.099791
8,8.127455,0.428918,39.0,37.369649,37.323679,8.340537,1.099791
8,8.138453,0.439916,40.0,39.780487,39.790305,8.392064,1.099791
8,8.149451,0.450914,41.0,42.220829,42.195081,8.325335,1.099791
8,8.160449,0.461912,42.0,44.661222,44.677534,8.110071,1.099791
8,8.171447,0.47291,43.0,47.054016,47.117546,7.969469,1.099791
8,8.182445,0.483908,44.0,49.379745,49.525642,7.817075,1.099791
8,8.193443,0.494906,45.0,51.585802,51.754277,7.584987,1.099791
8,8.204441,0.505904,46.0,53.615542,53.823726,7.211647,1.099791
8,8.215439,0.516902,47.0,55.422889,55.707819,6.807594,1.099791
8,8.226437,0.5279,48.0,57.016993,57.266247,6.342877,1.099791
8,8.237435,0.538898,49.0,58.3664,58.562378,5.871135,1.099791
8,8.248432,0.549895,50.0,59.460026,59.724793,5.524941,1.099791
8,8.25943,0.560893,51.0,60.325363,60.570762,5.267783,1.099791
8,8.270428,0.571891,52.0,60.960828,61.175948,5.175277,1.099791
8,8.281426,0.582889,53.0,61.308142,61.592936,5.245873,1.099791
8,8.292424,0.593887,54.0,61.363057,61.739703,5.495228,1.099791
8,8.303422,0.604885,55.0,61.105934,61.461363,5.934006,1.099791
8,8.31442,0.615883,56.0,60.514118,60.845334,6.616597,1.099791
8,8.325418,0.626881,57.0,59.595414,59.890332,7.293995,1.099791
8,8.336416,0.637879,58.0,58.406167,58.63386,7.92342,1.099791
8,8.347414,0.648877,59.0,56.982786,57.146179,8.451821,1.099791
8,8.358412,0.659875,60.0,55.362119,55.51513,8.900736,1.099791
8,8.36941,0.670873,61.0,53.57152,53.728428,9.341243,1.099791
8,8.380407,0.68187,62.0,51.61132,51.786998,9.699178,1.099791
8,8.391405,0.692868,63.0,49.477876,49.680865,10.010841,1.099791
8,8.402403,0.703866,64.0,47.177209,47.345178,10.257065,1.099791
8,8.413401,0.714864,65.0,44.70585,44.847913,10.488891,1.099791
8,8.424399,0.725862,66.0,42.084991,42.225089,10.571723,1.099791
8,8.435397,0.73686,67.0,39.345647,39.430207,10.392818,1.099791
8,8.446395,0.747858,68.0,36.53682,36.57657,10.056972,1.099791
8,8.457393,0.758856,69.0,33.731632,33.648456,9.696235,1.099791
8,8.468391,0.769854,70.0,31.034271,30.803781,9.492646,1.099791
8,8.479389,0.780852,71.0,28.501488,28.199145,9.224032,1.099791
8,8.490387,0.79185,72.0,26.179829,25.943406,8.793717,1.099791
8,8.501384,0.802847,73.0,24.072257,23.912652,8.290889,1.099791
8,8.512382,0.813845,74.0,22.138895,22.040162,7.748636,1.099791
8,8.52338,0.824843,75.0,20.31727,20.265919,7.137725,1.099791
8,8.534378,0.835841,76.0,18.566367,18.532337,6.563293,1.099791
8,8.545376,0.846839,77.0,16.873857,16.83528,6.030579,1.099791
8,8.556374,0.857837,78.0,15.249668,15.158139,5.567615,1.099791
8,8.567372,0.868835,79.0,13.726293,13.577613,5.158114,1.099791
8,8.57837,0.879833,80.0,12.367309,12.144972,4.808986,1.099791
8,8.589368,0.890831,81.0,11.22999,10.915461,4.474282,1.099791
8,8.600366,0.901829,82.0,10.330291,10.040362,4.019399,1.099791
8,8.611364,0.912827,83.0,9.668941,9.471543,3.652702,1.099791
8,8.622361,0.923824,84.0,9.229513,9.079116,3.355177,1.099791
8,8.633359,0.934822,85.0,8.954654,8.838223,3.193066,1.099791
8,8.644357,0.94582,86.0,8.796072,8.718321,3.09241,1.099791
8,8.655355,0.956818,87.0,8.718306,8.666065,3.037086,1.099791
8,8.666353,0.967816,88.0,8.683225,8.678636,2.968605,1.099791
8,8.677351,0.978814,89.0,8.655859,8.690283,2.928691,1.099791
8,8.688349,0.989812,90.0,8.615463,8.662817,2.888687,1.099791
8,8.699347,1.00081,91.0,8.546204,8.581493,2.871673,1.099791
8,8.710345,1.011808,92.0,8.446905,8.464087,2.876681,1.099791
8,8.721343,1.022806,93.0,8.327564,8.332339,2.898645,1.099791
8,8.732341,1.033804,94.0,8.201254,8.193788,2.93347,1.099791
8,8.743338,1.044801,95.0,8.078997,8.066114,2.974628,1.099791
8,8.754336,1.055799,96.0,7.964459,7.949941,3.039226,1.099791
8,8.765334,1.066797,97.0,7.859163,7.852801,3.124557,1.099791
8,8.776332,1.077795,98.0,7.760932,7.759651,3.251597,1.099791
8,8.78733,1.088793,99.0,7.71368,7.667306,3.413889,1.099791
8,8.798328,1.099791,100.0,7.667306,7.574961,3.606236,1.099791
9,8.809326,0.010998,1.0,7.604191,7.586953,3.376153,1.099791
9,8.820324,0.021996,2.0,7.619833,7.621407,3.222586,1.099791
9,8.831322,0.032994,3.0,7.646448,7.655902,3.118441,1.099791
9,8.84232,0.043992,4.0,7.664506,7.682401,3.053607,1.099791
9,8.853318,0.05499,5.0,7.67354,7.685576,3.022483,1.099791
9,8.864315,0.065987,6.0,7.678867,7.677244,3.016023,1.099791
9,8.875313,0.076985,7.0,7.690991,7.666576,3.03064,1.099791
9,8.886311,0.087983,8.0,7.724949,7.68254,3.04292,1.099791
9,8.897309,0.098981,9.0,7.795631,7.74302,3.051358,1.099791
9,8.908307,0.109979,10.0,7.917776,7.855367,3.049697,1.099791
9,8.919305,0.120977,11.0,8.09952,8.030651,3.034465,1.099791
9,8.930303,0.131975,12.0,8.342751,8.2773,3.004506,1.099791
9,8.941301,0.142973,13.0,8.640338,8.591261,2.991117,1.099791
9,8.952299,0.153971,14.0,8.983434,8.959178,2.979044,1.099791
9,8.963297,0.164969,15.0,9.362079,9.343303,3.006427,1.099791
9,8.974295,0.175967,16.0,9.763306,9.746129,3.041865,1.099791
9,8.985292,0.186964,17.0,10.182871,10.170524,3.096882,1.099791
9,8.99629,0.197962,18.0,10.635271,10.597398,3.17314,1.099791
9,9.007288,0.20896,19.0,11.133485,11.056999,3.270518,1.099791
9,9.018286,0.219958,20.0,11.686911,11.605304,3.38174,1.099791
9,9.029284,0.230956,21.0,12.309763,12.237202,3.500009,1.099791
9,9.040282,0.241954,22.0,13.003448,12.937653,3.631283,1.099791
9,9.05128,0.252952,23.0,13.763056,13.711658,3.766779,1.099791
9,9.062278,0.26395,24.0,14.579418,14.525422,3.958008,1.099791
9,9.073276,0.274948,25.0,15.443244,15.403346,4.222332,1.099791
9,9.084274,0.285946,26.0,16.35741,16.319012,4.54473,1.099791
9,9.095272,0.296944,27.0,17.341871,17.256782,4.864593,1.099791
9,9.106269,0.307941,28.0,18.405479,18.282488,5.197482,1.099791
9,9.117267,0.318939,29.0,19.570429,19.447728,5.519047,1.099791
9,9.128265,0.329937,30.0,20.844457,20.721383,5.839719,1.099791
9,9.139263,0.340935,31.0,22.225857,22.143765,6.12774,1.099791
9,9.150261,0.351933,32.0,23.707045,23.626923,6.459994,1.099791
9,9.161259,0.362931,33.0,25.281901,25.189486,6.803949,1.099791
9,9.172257,0.373929,34.0,26.954461,26.853666,7.162857,1.099791
9,9.183255,0.384927,35.0,28.753746,28.595664,7.526677,1.099791
9,9.194253,0.395925,36.0,30.699016,30.506568,7.829693,1.099791
9,9.205251,0.406923,37.0,32.793018,32.623345,8.091659,1.099791
9,9.216249,0.417921,38.0,35.031947,34.915836,8.241441,1.099791
9,9.227246,0.428918,39.0,37.369649,37.323679,8.340537,1.099791
9,9.238244,0.439916,40.0,39.780487,39.790305,8.392064,1.099791
9,9.249242,0.450914,41.0,42.220829,42.195081,8.325335,1.099791
9,9.26024,0.461912,42.0,44.661222,44.677534,8.110071,1.099791
9,9.271238,0.47291,43.0,47.054016,47.117546,7.969469,1.099791
9,9.282236,0.483908,44.0,49.379745,49.525642,7.817075,1.099791
9,9.293234,0.494906,45.0,51.585802,51.754277,7.584987,1.099791
9,9.304232,0.505904,46.0,53.615542,53.823726,7.211647,1.099791
9,9.31523,0.516902,47.0,55.422889,55.707819,6.807594,1.099791
9,9.326228,0.5279,48.0,57.016993,57.266247,6.342877,1.099791
9,9.337226,0.538898,49.0,58.3664,58.562378,5.871135,1.099791
9,9.348223,0.549895,50.0,59.460026,59.724793,5.524941,1.099791
9,9.359221,0.560893,51.0,60.325363,60.570762,5.267783,1.099791
9,9.370219,0.571891,52.0,60.960828,61.175948,5.175277,1.099791
9,9.381217,0.582889,53.0,61.308142,61.592936,5.245873,1.099791
9,9.392215,0.593887,54.0,61.363057,61.739703,5.495228,1.099791
9,9.403213,0.604885,55.0,61.105934,61.461363,5.934006,1.099791
9,9.414211,0.615883,56.0,60.514118,60.845334,6.616597,1.099791
9,9.425209,0.626881,57.0,59.595414,59.890332,7.293995,1.099791
9,9.436207,0.637879,58.0,58.406167,58.63386,7.92342,1.099791
9,9.447205,0.648877,59.0,56.982786,57.146179,8.451821,1.099791
9,9.458203,0.659875,60.0,55.362119,55.51513,8.900736,1.099791
9,9.469201,0.670873,61.0,53.57152,53.728428,9.341243,1.099791
9,9.480198,0.68187,62.0,51.61132,51.786998,9.699178,1.099791
9,9.491196,0.692868,63.0,49.477876,49.680865,10.010841,1.099791
9,9.502194,0.703866,64.0,47.177209,47.345178,10.257065,1.099791
9,9.513192,0.714864,65.0,44.70585,44.847913,10.488891,1.099791
9,9.52419,0.725862,66.0,42.084991,42.225089,10.571723,1.099791
9,9.535188,0.73686,67.0,39.345647,39.430207,10.392818,1.099791
9,9.546186,0.747858,68.0,36.53682,36.57657,10.056972,1.099791
9,9.557184,0.758856,69.0,33.731632,33.648456,9.696235,1.099791
9,9.568182,0.769854,70.0,31.034271,30.803781,9.492646,1.099791
9,9.57918,0.780852,71.0,28.501488,28.199145,9.224032,1.099791
9,9.590178,0.79185,72.0,26.179829,25.943406,8.793717,1.099791
9,9.601175,0.802847,73.0,24.072257,23.912652,8.290889,1.099791
9,9.612173,0.813845,74.0,22.138895,22.040162,7.748636,1.099791
9,9.623171,0.824843,75.0,20.31727,20.265919,7.137725,1.099791
9,9.634169,0.835841,76.0,18.566367,18.532337,6.563293,1.099791
9,9.645167,0.846839,77.0,16.873857,16.83528,6.030579,1.099791
9,9.656165,0.857837,78.0,15.249668,15.158139,5.567615,1.099791
9,9.667163,0.868835,79.0,13.726293,13.577613,5.158114,1.099791
9,9.678161,0.879833,80.0,12.367309,12.144972,4.808986,1.099791
9,9.689159,0.890831,81.0,11.22999,10.915461,4.474282,1.099791
9,9.700157,0.901829,82.0,10.330291,10.040362,4.019399,1.099791
9,9.711155,0.912827,83.0,9.668941,9.471543,3.652702,1.099791
9,9.722152,0.923824,84.0,9.229513,9.079116,3.355177,1.099791
9,9.73315,0.934822,85.0,8.954654,8.838223,3.193066,1.099791
9,9.744148,0.94582,86.0,8.796072,8.718321,3.09241,1.099791
9,9.755146,0.956818,87.0,8.718306,8.666065,3.037086,1.099791
9,9.766144,0.967816,88.0,8.683225,8.678636,2.968605,1.099791
9,9.777142,0.978814,89.0,8.655859,8.690283,2.928691,1.099791
9,9.78814,0.989812,90.0,8.615463,8.662817,2.888687,1.099791
9,9.799138,1.00081,91.0,8.546204,8.581493,2.871673,1.099791
9,9.810136,1.011808,92.0,8.446905,8.464087,2.876681,1.099791
9,9.821134,1.022806,93.0,8.327564,8.332339,2.898645,1.099791
9,9.832132,1.033804,94.0,8.201254,8.193788,2.93347,1.099791
9,9.843129,1.044801,95.0,8.078997,8.066114,2.974628,1.099791
9,9.854127,1.055799,96.0,7.964459,7.949941,3.039226,1.099791
9,9.865125,1.066797,97.0,7.859163,7.852801,3.124557,1.099791
9,9.876123,1.077795,98.0,7.760932,7.759651,3.251597,1.099791
9,9.887121,1.088793,99.0,7.71368,7.667306,3.413889,1.099791
9,9.898119,1.099791,100.0,7.667306,7.574961,3.606236,1.099791
10,9.909117,0.010998,1.0,7.604191,7.586953,3.376153,1.099791
10,9.920115,0.021996,2.0,7.619833,7.621407,3.222586,1.099791
10,9.931113,0.032994,3.0,7.646448,7.655902,3.118441,1.099791
10,9.942111,0.043992,4.0,7.664506,7.682401,3.053607,1.099791
10,9.953109,0.05499,5.0,7.67354,7.685576,3.022483,1.099791
10,9.964106,0.065987,6.0,7.678867,7.677244,3.016023,1.099791
10,9.975104,0.076985,7.0,7.690991,7.666576,3.03064,1.099791
10,9.986102,0.087983,8.0,7.724949,7.68254,3.04292,1.099791
10,9.9971,0.098981,9.0,7.795631,7.74302,3.051358,1.099791
10,10.008098,0.109979,10.0,7.917776,7.855367,3.049697,1.099791
10,10.019096,0.120977,11.0,8.09952,8.030651,3.034465,1.099791
10,10.030094,0.131975,12.0,8.342751,8.2773,3.004506,1.099791
10,10.041092,0.142973,13.0,8.640338,8.591261,2.991117,1.099791
10,10.05209,0.153971,14.0,8.983434,8.959178,2.979044,1.099791
10,10.063088,0.164969,15.0,9.362079,9.343303,3.006427,1.099791
10,10.074086,0.175967,16.0,9.763306,9.746129,3.041865,1.099791
10,10.085083,0.186964,17.0,10.182871,10.170524,3.096882,1.099791
10,10.096081,0.197962,18.0,10.635271,10.597398,3.17314,1.099791
10,10.107079,0.20896,19.0,11.133485,11.056999,3.270518,1.099791
10,10.118077,0.219958,20.0,11.686911,11.605304,3.38174,1.099791
10,10.129075,0.230956,21.0,12.309763,12.237202,3.500009,1.099791
10,10.140073,0.241954,22.0,13.003448,12.937653,3.631283,1.099791
10,10.151071,0.252952,23.0,13.763056,13.711658,3.766779,1.099791
10,10.162069,0.26395,24.0,14.579418,14.525422,3.958008,1.099791
10,10.173067,0.274948,25.0,15.443244,15.403346,4.222332,1.099791
10,10.184065,0.285946,26.0,16.35741,16.319012,4.54473,1.099791
10,10.195063,0.296944,27.0,17.341871,17.256782,4.864593,1.099791
10,10.20606,0.307941,28.0,18.405479,18.282488,5.197482,1.099791
10,10.217058,0.318939,29.0,19.570429,19.447728,5.519047,1.099791
10,10.228056,0.329937,30.0,20.844457,20.721383,5.839719,1.099791
10,10.239054,0.340935,31.0,22.225857,22.143765,6.12774,1.099791
10,10.250052,0.351933,32.0,23.707045,23.626923,6.459994,1.099791
10,10.26105,0.362931,33.0,25.281901,25.189486,6.803949,1.099791
10,10.272048,0.373929,34.0,26.954461,26.853666,7.162857,1.099791
10,10.283046,0.384927,35.0,28.753746,28.595664,7.526677,1.099791
10,10.294044,0.395925,36.0,30.699016,30.506568,7.829693,1.099791
10,10.305042,0.406923,37.0,32.793018,32.623345,8.091659,1.099791
10,10.31604,0.417921,38.0,35.031947,34.915836,8.241441,1.099791
10,10.327037,0.428918,39.0,37.369649,37.323679,8.340537,1.099791
10,10.338035,0.439916,40.0,39.780487,39.790305,8.392064,1.099791
10,10.349033,0.450914,41.0,42.220829,42.195081,8.325335,1.099791
10,10.360031,0.461912,42.0,44.661222,44.677534,8.110071,1.099791
10,10.371029,0.47291,43.0,47.054016,47.117546,7.969469,1.099791
10,10.382027,0.483908,44.0,49.379745,49.525642,7.817075,1.099791
10,10.393025,0.494906,45.0,51.585802,51.754277,7.584987,1.099791
10,10.404023,0.505904,46.0,53.615542,53.823726,7.211647,1.099791
10,10.415021,0.516902,47.0,55.422889,55.707819,6.807594,1.099791
10,10.426019,0.5279,48.0,57.016993,57.266247,6.342877,1.099791
10,10.437017,0.538898,49.0,58.3664,58.562378,5.871135,1.099791
10,10.448014,0.549895,50.0,59.460026,59.724793,5.524941,1.099791
10,10.459012,0.560893,51.0,60.325363,60.570762,5.267783,1.099791
10,10.47001,0.571891,52.0,60.960828,61.175948,5.175277,1.099791
10,10.481008,0.582889,53.0,61.308142,61.592936,5.245873,1.099791
10,10.492006,0.593887,54.0,61.363057,61.739703,5.495228,1.099791
10,10.503004,0.604885,55.0,61.105934,61.461363,5.934006,1.099791
10,10.514002,0.615883,56.0,60.514118,60.845334,6.616597,1.099791
10,10.525,0.626881,57.0,59.595414,59.890332,7.293995,1.099791
10,10.535998,0.637879,58.0,58.406167,58.63386,7.92342,1.099791
10,10.546996,0.648877,59.0,56.982786,57.146179,8.451821,1.099791
10,10.557994,0.659875,60.0,55.362119,55.51513,8.900736,1.099791
10,10.568992,0.670873,61.0,53.57152,53.728428,9.341243,1.099791
10,10.579989,0.68187,62.0,51.61132,51.786998,9.699178,1.099791
10,10.590987,0.692868,63.0,49.477876,49.680865,10.010841,1.099791
10,10.601985,0.703866,64.0,47.177209,47.345178,10.257065,1.099791
10,10.612983,0.714864,65.0,44.70585,44.847913,10.488891,1.099791
10,10.623981,0.725862,66.0,42.084991,42.225089,10.571723,1.099791
10,10.634979,0.73686,67.0,39.345647,39.430207,10.392818,1.099791
10,10.645977,0.747858,68.0,36.53682,36.57657,10.056972,1.099791
10,10.656975,0.758856,69.0,33.731632,33.648456,9.696235,1.099791
10,10.667973,0.769854,70.0,31.034271,30.803781,9.492646,1.099791
10,10.678971,0.780852,71.0,28.501488,28.199145,9.224032,1.099791
10,10.689969,0.79185,72.0,26.179829,25.943406,8.793717,1.099791
10,10.700966,0.802847,73.0,24.072257,23.912652,8.290889,1.099791
10,10.711964,0.813845,74.0,22.138895,22.040162,7.748636,1.099791
10,10.722962,0.824843,75.0,20.31727,20.265919,7.137725,1.099791
10,10.73396,0.835841,76.0,18.566367,18.532337,6.563293,1.099791
10,10.744958,0.846839,77.0,16.873857,16.83528,6.030579,1.099791
10,10.755956,0.857837,78.0,15.249668,15.158139,5.567615,1.099791
10,10.766954,0.868835,79.0,13.726293,13.577613,5.158114,1.099791
10,10.777952,0.879833,80.0,12.367309,12.144972,4.808986,1.099791
10,10.78895,0.890831,81.0,11.22999,10.915461,4.474282,1.099791
10,10.799948,0.901829,82.0,10.330291,10.040362,4.019399,1.099791
10,10.810946,0.912827,83.0,9.668941,9.471543,3.652702,1.099791
10,10.821943,0.923824,84.0,9.229513,9.079116,3.355177,1.099791
10,10.832941,0.934822,85.0,8.954654,8.838223,3.193066,1.099791
10,10.843939,0.94582,86.0,8.796072,8.718321,3.09241,1.099791
10,10.854937,0.956818,87.0,8.718306,8.666065,3.037086,1.099791
10,10.865935,0.967816,88.0,8.683225,8.678636,2.968605,1.099791
10,10.876933,0.978814,89.0,8.655859,8.690283,2.928691,1.099791
10,10.887931,0.989812,90.0,8.615463,8.662817,2.888687,1.099791
10,10.898929,1.00081,91.0,8.546204,8.581493,2.871673,1.099791
10,10.909927,1.011808,92.0,8.446905,8.464087,2.876681,1.099791
10,10.920925,1.022806,93.0,8.327564,8.332339,2.898645,1.099791
10,10.931923,1.033804,94.0,8.201254,8.193788,2.93347,1.099791
10,10.94292,1.044801,95.0,8.078997,8.066114,2.974628,1.099791
10,10.953918,1.055799,96.0,7.964459,7.949941,3.039226,1.099791
10,10.964916,1.066797,97.0,7.859163,7.852801,3.124557,1.099791
10,10.975914,1.077795,98.0,7.760932,7.759651,3.251597,1.099791
10,10.986912,1.088793,99.0,7.71368,7.667306,3.413889,1.099791
10,10.99791,1.099791,100.0,7.667306,7.574961,3.606236,1.099791
11,11.008908,0.010998,1.0,7.604191,7.586953,3.376153,1.099791
11,11.019906,0.021996,2.0,7.619833,7.621407,3.222586,1.099791
11,11.030904,0.032994,3.0,7.646448,7.655902,3.118441,1.099791
11,11.041902,0.043992,4.0,7.664506,7.682401,3.053607,1.099791
11,11.0529,0.05499,5.0,7.67354,7.685576,3.022483,1.099791
11,11.063897,0.065987,6.0,7.678867,7.677244,3.016023,1.099791
11,11.074895,0.076985,7.0,7.690991,7.666576,3.03064,1.099791
11,11.085893,0.087983,8.0,7.724949,7.68254,3.04292,1.099791
11,11.096891,0.098981,9.0,7.795631,7.74302,3.051358,1.099791
11,11.107889,0.109979,10.0,7.917776,7.855367,3.049697,1.099791
11,11.118887,0.120977,11.0,8.09952,8.030651,3.034465,1.099791
11,11.129885,0.131975,12.0,8.342751,8.2773,3.004506,1.099791
11,11.140883,0.142973,13.0,8.640338,8.591261,2.991117,1.099791
11,11.151881,0.153971,14.0,8.983434,8.959178,2.979044,1.099791
11,11.162879,0.164969,15.0,9.362079,9.343303,3.006427,1.099791
11,11.173877,0.175967,16.0,9.763306,9.746129,3.041865,1.099791
11,11.184874,0.186964,17.0,10.182871,10.170524,3.096882,1.099791
11,11.195872,0.197962,18.0,10.635271,10.597398,3.17314,1.099791
11,11.20687,0.20896,19.0,11.133485,11.056999,3.270518,1.099791
11,11.217868,0.219958,20.0,11.686911,11.605304,3.38174,1.099791
11,11.228866,0.230956,21.0,12.309763,12.237202,3.500009,1.099791
11,11.239864,0.241954,22.0,13.003448,12.937653,3.631283,1.099791
11,11.250862,0.252952,23.0,13.763056,13.711658,3.766779,1.099791
11,11.26186,0.26395,24.0,14.579418,14.525422,3.958008,1.099791
11,11.272858,0.274948,25.0,15.443244,15.403346,4.222332,1.099791
11,11.283856,0.285946,26.0,16.35741,16.319012,4.54473,1.099791
11,11.294854,0.296944,27.0,17.341871,17.256782,4.864593,1.099791
11,11.305851,0.307941,28.0,18.405479,18.282488,5.197482,1.099791
11,11.316849,0.318939,29.0,19.570429,19.447728,5.519047,1.099791
11,11.327847,0.329937,30.0,20.844457,20.721383,5.839719,1.099791
11,11.338845,0.340935,31.0,22.225857,22.143765,6.12774,1.099791
11,11.349843,0.351933,32.0,23.707045,23.626923,6.459994,1.099791
11,11.360841,0.362931,33.0,25.281901,25.189486,6.803949,1.099791
11,11.371839,0.373929,34.0,26.954461,26.853666,7.162857,1.099791
11,11.382837,0.384927,35.0,28.753746,28.595664,7.526677,1.099791
11,11.393835,0.395925,36.0,30.699016,30.506568,7.829693,1.099791
11,11.404833,0.406923,37.0,32.793018,32.623345,8.091659,1.099791
11,11.415831,0.417921,38.0,35.031947,34.915836,8.241441,1.099791
11,11.426828,0.428918,39.0,37.369649,37.323679,8.340537,1.099791
11,11.437826,0.439916,40.0,39.780487,39.790305,8.392064,1.099791
11,11.448824,0.450914,41.0,42.220829,42.195081,8.325335,1.099791
11,11.459822,0.461912,42.0,44.661222,44.677534,8.110071,1.099791
11,11.47082,0.47291,43.0,47.054016,47.117546,7.969469,1.099791
11,11.481818,0.483908,44.0,49.379745,49.525642,7.817075,1.099791
11,11.492816,0.494906,45.0,51.585802,51.754277,7.584987,1.099791
11,11.503814,0.505904,46.0,53.615542,53.823726,7.211647,1.099791
11,11.514812,0.516902,47.0,55.422889,55.707819,6.807594,1.099791
11,11.52581,0.5279,48.0,57.016993,57.266247,6.342877,1.099791
11,11.536808,0.538898,49.0,58.3664,58.562378,5.871135,1.099791
11,11.547805,0.549895,50.0,59.460026,59.724793,5.524941,1.099791
11,11.558803,0.560893,51.0,60.325363,60.570762,5.267783,1.099791
11,11.569801,0.571891,52.0,60.960828,61.175948,5.175277,1.099791
11,11.580799,0.582889,53.0,61.308142,61.592936,5.245873,1.099791
11,11.591797,0.593887,54.0,61.363057,61.739703,5.495228,1.099791
11,11.602795,0.604885,55.0,61.105934,61.461363,5.934006,1.099791
11,11.613793,0.615883,56.0,60.514118,60.845334,6.616597,1.099791
11,11.624791,0.626881,57.0,59.595414,59.890332,7.293995,1.099791
11,11.635789,0.637879,58.0,58.406167,58.63386,7.92342,1.099791
11,11.646787,0.648877,59.0,56.982786,57.146179,8.451821,1.099791
11,11.657785,0.659875,60.0,55.362119,55.51513,8.900736,1.099791
11,11.668783,0.670873,61.0,53.57152,53.728428,9.341243,1.099791
11,11.67978,0.68187,62.0,51.61132,51.786998,9.699178,1.099791
11,11.690778,0.692868,63.0,49.477876,49.680865,10.010841,1.099791
11,11.701776,0.703866,64.0,47.177209,47.345178,10.257065,1.099791
11,11.712774,0.714864,65.0,44.70585,44.847913,10.488891,1.099791
11,11.723772,0.725862,66.0,42.084991,42.225089,10.571723,1.099791
11,11.73477,0.73686,67.0,39.345647,39.430207,10.392818,1.099791
11,11.745768,0.747858,68.0,36.53682,36.57657,10.056972,1.099791
11,11.756766,0.758856,69.0,33.731632,33.648456,9.696235,1.099791
11,11.767764,0.769854,70.0,31.034271,30.803781,9.492646,1.099791
11,11.778762,0.780852,71.0,28.501488,28.199145,9.224032,1.099791
11,11.78976,0.79185,72.0,26.179829,25.943406,8.793717,1.099791
11,11.800757,0.802847,73.0,24.072257,23.912652,8.290889,1.099791
11,11.811755,0.813845,74.0,22.138895,22.040162,7.748636,1.099791
11,11.822753,0.824843,75.0,20.31727,20.265919,7.137725,1.099791
11,11.833751,0.835841,76.0,18.566367,18.532337,6.563293,1.099791
11,11.844749,0.846839,77.0,16.873857,16.83528,6.030579,1.099791
11,11.855747,0.857837,78.0,15.249668,15.158139,5.567615,1.099791
11,11.866745,0.868835,79.0,13.726293,13.577613,5.158114,1.099791
11,11.877743,0.879833,80.0,12.367309,12.144972,4.808986,1.099791
11,11.888741,0.890831,81.0,11.22999,10.915461,4.474282,1.099791
11,11.899739,0.901829,82.0,10.330291,10.040362,4.019399,1.099791
11,11.910737,0.912827,83.0,9.668941,9.471543,3.652702,1.099791
11,11.921734,0.923824,84.0,9.229513,9.079116,3.355177,1.099791
11,11.932732,0.934822,85.0,8.954654,8.838223,3.193066,1.099791
11,11.94373,0.94582,86.0,8.796072,8.718321,3.09241,1.099791
11,11.954728,0.956818,87.0,8.718306,8.666065,3.037086,1.099791
11,11.965726,0.967816,88.0,8.683225,8.678636,2.968605,1.099791
11,11.976724,0.978814,89.0,8.655859,8.690283,2.928691,1.099791
11,11.987722,0.989812,90.0,8.615463,8.662817,2.888687,1.099791
11,11.99872,1.00081,91.0,8.546204,8.581493,2.871673,1.099791
11,12.009718,1.011808,92.0,8.446905,8.464087,2.876681,1.099791
11,12.020716,1.022806,93.0,8.327564,8.332339,2.898645,1.099791
11,12.031714,1.033804,94.0,8.201254,8.193788,2.93347,1.099791
11,12.042711,1.044801,95.0,8.078997,8.066114,2.974628,1.099791
11,12.053709,1.055799,96.0,7.964459,7.949941,3.039226,1.099791
11,12.064707,1.066797,97.0,7.859163,7.852801,3.124557,1.099791
11,12.075705,1.077795,98.0,7.760932,7.759651,3.251597,1.099791
11,12.086703,1.088793,99.0,7.71368,7.667306,3.413889,1.099791
11,12.097701,1.099791,100.0,7.667306,7.574961,3.606236,1.099791
12,12.108699,0.010998,1.0,7.604191,7.586953,3.376153,1.099791
12,12.119697,0.021996,2.0,7.619833,7.621407,3.222586,1.099791
12,12.130695,0.032994,3.0,7.646448,7.655902,3.118441,1.099791
12,12.141693,0.043992,4.0,7.664506,7.682401,3.053607,1.099791
12,12.152691,0.05499,5.0,7.67354,7.685576,3.022483,1.099791
12,12.163688,0.065987,6.0,7.678867,7.677244,3.016023,1.099791
12,12.174686,0.076985,7.0,7.690991,7.666576,3.03064,1.099791
12,12.185684,0.087983,8.0,7.724949,7.68254,3.04292,1.099791
12,12.196682,0.098981,9.0,7.795631,7.74302,3.051358,1.099791
12,12.20768,0.109979,10.0,7.917776,7.855367,3.049697,1.099791
12,12.218678,0.120977,11.0,8.09952,8.030651,3.034465,1.099791
12,12.229676,0.131975,12.0,8.342751,8.2773,3.004506,1.099791
12,12.240674,0.142973,13.0,8.640338,8.591261,2.991117,1.099791
12,12.251672,0.153971,14.0,8.983434,8.959178,2.979044,1.099791
12,12.26267,0.164969,15.0,9.362079,9.343303,3.006427,1.099791
12,12.273668,0.175967,16.0,9.763306,9.746129,3.041865,1.099791
12,12.284665,0.186964,17.0,10.182871,10.170524,3.096882,1.099791
12,12.295663,0.197962,18.0,10.635271,10.597398,3.17314,1.099791
12,12.306661,0.20896,19.0,11.133485,11.056999,3.270518,1.099791
12,12.317659,0.219958,20.0,11.686911,11.605304,3.38174,1.099791
12,12.328657,0.230956,21.0,12.309763,12.237202,3.500009,1.099791
12,12.339655,0.241954,22.0,13.003448,12.937653,3.631283,1.099791
12,12.350653,0.252952,23.0,13.763056,13.711658,3.766779,1.099791
12,12.361651,0.26395,24.0,14.579418,14.525422,3.958008,1.099791
12,12.372649,0.274948,25.0,15.443244,15.403346,4.222332,1.099791
12,12.383647,0.285946,26.0,16.35741,16.319012,4.54473,1.099791
12,12.394645,0.296944,27.0,17.341871,17.256782,4.864593,1.099791
12,12.405642,0.307941,28.0,18.405479,18.282488,5.197482,1.099791
12,12.41664,0.318939,29.0,19.570429,19.447728,5.519047,1.099791
12,12.427638,0.329937,30.0,20.844457,20.721383,5.839719,1.099791
12,12.438636,0.340935,31.0,22.225857,22.143765,6.12774,1.099791
12,12.449634,0.351933,32.0,23.707045,23.626923,6.459994,1.099791
12,12.460632,0.362931,33.0,25.281901,25.189486,6.803949,1.099791
12,12.47163,0.373929,34.0,26.954461,26.853666,7.162857,1.099791
12,12.482628,0.384927,35.0,28.753746,28.595664,7.526677,1.099791
12,12.493626,0.395925,36.0,30.699016,30.506568,7.829693,1.099791
12,12.504624,0.406923,37.0,32.793018,32.623345,8.091659,1.099791
12,12.515622,0.417921,38.0,35.031947,34.915836,8.241441,1.099791
12,12.526619,0.428918,39.0,37.369649,37.323679,8.340537,1.099791
12,12.537617,0.439916,40.0,39.780487,39.790305,8.392064,1.099791
12,12.548615,0.450914,41.0,42.220829,42.195081,8.325335,1.099791
12,12.559613,0.461912,42.0,44.661222,44.677534,8.110071,1.099791
12,12.570611,0.47291,43.0,47.054016,47.117546,7.969469,1.099791
12,12.581609,0.483908,44.0,49.379745,49.525642,7.817075,1.099791
12,12.592607,0.494906,45.0,51.585802,51.754277,7.584987,1.099791
12,12.603605,0.505904,46.0,53.615542,53.823726,7.211647,1.099791
12,12.614603,0.516902,47.0,55.422889,55.707819,6.807594,1.099791
12,12.625601,0.5279,48.0,57.016993,57.266247,6.342877,1.099791
12,12.636599,0.538898,49.0,58.3664,58.562378,5.871135,1.099791
12,12.647596,0.549895,50.0,59.460026,59.724793,5.524941,1.099791
12,12.658594,0.560893,51.0,60.325363,60.570762,5.267783,1.099791
12,12.669592,0.571891,52.0,60.960828,61.175948,5.175277,1.099791
12,12.68059,0.582889,53.0,61.308142,61.592936,5.245873,1.099791
12,12.691588,0.593887,54.0,61.363057,61.739703,5.495228,1.099791
12,12.702586,0.604885,55.0,61.105934,61.461363,5.934006,1.099791
12,12.713584,0.615883,56.0,60.514118,60.845334,6.616597,1.099791
12,12.724582,0.626881,57.0,59.595414,59.890332,7.293995,1.099791
12,12.73558,0.637879,58.0,58.406167,58.63386,7.92342,1.099791
12,12.746578,0.648877,59.0,56.982786,57.146179,8.451821,1.099791
12,12.757576,0.659875,60.0,55.362119,55.51513,8.900736,1.099791
12,12.768574,0.670873,61.0,53.57152,53.728428,9.341243,1.099791
12,12.779571,0.68187,62.0,51.61132,51.786998,9.699178,1.099791
12,12.790569,0.692868,63.0,49.477876,49.680865,10.010841,1.099791
12,12.801567,0.703866,64.0,47.177209,47.345178,10.257065,1.099791
12,12.812565,0.714864,65.0,44.70585,44.847913,10.488891,1.099791
12,12.823563,0.725862,66.0,42.084991,42.225089,10.571723,1.099791
12,12.834561,0.73686,67.0,39.345647,39.430207,10.392818,1.099791
12,12.845559,0.747858,68.0,36.53682,36.57657,10.056972,1.099791
12,12.856557,0.758856,69.0,33.731632,33.648456,9.696235,1.099791
12,12.867555,0.769854,70.0,31.034271,30.803781,9.492646,1.099791
12,12.878553,0.780852,71.0,28.501488,28.199145,9.224032,1.099791
12,12.889551,0.79185,72.0,26.179829,25.943406,8.793717,1.099791
12,12.900548,0.802847,73.0,24.072257,23.912652,8.290889,1.099791
12,12.911546,0.813845,74.0,22.138895,22.040162,7.748636,1.099791
12,12.922544,0.824843,75.0,20.31727,20.265919,7.137725,1.099791
12,12.933542,0.835841,76.0,18.566367,18.532337,6.563293,1.099791
12,12.94454,0.846839,77.0,16.873857,16.83528,6.030579,1.099791
12,12.955538,0.857837,78.0,15.249668,15.158139,5.567615,1.099791
12,12.966536,0.868835,79.0,13.726293,13.577613,5.158114,1.099791
12,12.977534,0.879833,80.0,12.367309,12.144972,4.808986,1.099791
12,12.988532,0.890831,81.0,11.22999,10.915461,4.474282,1.099791
12,12.99953,0.901829,82.0,10.330291,10.040362,4.019399,1.099791
12,13.010528,0.912827,83.0,9.668941,9.471543,3.652702,1.099791
12,13.021525,0.923824,84.0,9.229513,9.079116,3.355177,1.099791
12,13.032523,0.934822,85.0,8.954654,8.838223,3.193066,1.099791
12,13.043521,0.94582,86.0,8.796072,8.718321,3.09241,1.099791
12,13.054519,0.956818,87.0,8.718306,8.666065,3.037086,1.099791
12,13.065517,0.967816,88.0,8.683225,8.678636,2.968605,1.099791
12,13.076515,0.978814,89.0,8.655859,8.690283,2.928691,1.099791
12,13.087513,0.989812,90.0,8.615463,8.662817,2.888687,1.099791
12,13.098511,1.00081,91.0,8.546204,8.581493,2.871673,1.099791
12,13.109509,1.011808,92.0,8.446905,8.464087,2.876681,1.099791
12,13.120507,1.022806,93.0,8.327564,8.332339,2.898645,1.099791
12,13.131505,1.033804,94.0,8.201254,8.193788,2.93347,1.099791
12,13.142502,1.044801,95.0,8.078997,8.066114,2.974628,1.099791
12,13.1535,1.055799,96.0,7.964459,7.949941,3.039226,1.099791
12,13.164498,1.066797,97.0,7.859163,7.852801,3.124557,1.099791
12,13.175496,1.077795,98.0,7.760932,7.759651,3.251597,1.099791
12,13.186494,1.088793,99.0,7.71368,7.667306,3.413889,1.099791
12,13.197492,1.099791,100.0,7.667306,7.574961,3.606236,1.099791
13,13.20849,0.010998,1.0,7.604191,7.586953,3.376153,1.099791
13,13.219488,0.021996,2.0,7.619833,7.621407,3.222586,1.099791
13,13.230486,0.032994,3.0,7.646448,7.655902,3.118441,1.099791
13,13.241484,0.043992,4.0,7.664506,7.682401,3.053607,1.099791
13,13.252482,0.05499,5.0,7.67354,7.685576,3.022483,1.099791
13,13.263479,0.065987,6.0,7.678867,7.677244,3.016023,1.099791
13,13.274477,0.076985,7.0,7.690991,7.666576,3.03064,1.099791
13,13.285475,0.087983,8.0,7.724949,7.68254,3.04292,1.099791
13,13.296473,0.098981,9.0,7.795631,7.74302,3.051358,1.099791
13,13.307471,0.109979,10.0,7.917776,7.855367,3.049697,1.099791
13,13.318469,0.120977,11.0,8.09952,8.030651,3.034465,1.099791
13,13.329467,0.131975,12.0,8.342751,8.2773,3.004506,1.099791
13,13.340465,0.142973,13.0,8.640338,8.591261,2.991117,1.099791
13,13.351463,0.153971,14.0,8.983434,8.959178,2.979044,1.099791
13,13.362461,0.164969,15.0,9.362079,9.343303,3.006427,1.099791
13,13.373459,0.175967,16.0,9.763306,9.746129,3.041865,1.099791
13,13.384456,0.186964,17.0,10.182871,10.170524,3.096882,1.099791
13,13.395454,0.197962,18.0,10.635271,10.597398,3.17314,1.099791
13,13.406452,0.20896,19.0,11.133485,11.056999,3.270518,1.099791
13,13.41745,0.219958,20.0,11.686911,11.605304,3.38174,1.099791
13,13.428448,0.230956,21.0,12.309763,12.237202,3.500009,1.099791
13,13.439446,0.241954,22.0,13.003448,12.937653,3.631283,1.099791
13,13.450444,0.252952,23.0,13.763056,13.711658,3.766779,1.099791
13,13.461442,0.26395,24.0,14.579418,14.525422,3.958008,1.099791
13,13.47244,0.274948,25.0,15.443244,15.403346,4.222332,1.099791
13,13.483438,0.285946,26.0,16.35741,16.319012,4.54473,1.099791
13,13.494436,0.296944,27.0,17.341871,17.256782,4.864593,1.099791
13,13.505433,0.307941,28.0,18.405479,18.282488,5.197482,1.099791
13,13.516431,0.318939,29.0,19.570429,19.447728,5.519047,1.099791
13,13.527429,0.329937,30.0,20.844457,20.721383,5.839719,1.099791
13,13.538427,0.340935,31.0,22.225857,22.143765,6.12774,1.099791
13,13.549425,0.351933,32.0,23.707045,23.626923,6.459994,1.099791
13,13.560423,0.362931,33.0,25.281901,25.189486,6.803949,1.099791
13,13.571421,0.373929,34.0,26.954461,26.853666,7.162857,1.099791
13,13.582419,0.384927,35.0,28.753746,28.595664,7.526677,1.099791
13,13.593417,0.395925,36.0,30.699016,30.506568,7.829693,1.099791
13,13.604415,0.406923,37.0,32.793018,32.623345,8.091659,1.099791
13,13.615413,0.417921,38.0,35.031947,34.915836,8.241441,1.099791
13,13.62641,0.428918,39.0,37.369649,37.323679,8.340537,1.099791
13,13.637408,0.439916,40.0,39.780487,39.790305,8.392064,1.099791
13,13.648406,0.450914,41.0,42.220829,42.195081,8.325335,1.099791
13,13.659404,0.461912,42.0,44.661222,44.677534,8.110071,1.099791
13,13.670402,0.47291,43.0,47.054016,47.117546,7.969469,1.099791
13,13.6814,0.483908,44.0,49.379745,49.525642,7.817075,1.099791
13,13.692398,0.494906,45.0,51.585802,51.754277,7.584987,1.099791
13,13.703396,0.505904,46.0,53.615542,53.823726,7.211647,1.099791
13,13.714394,0.516902,47.0,55.422889,55.707819,6.807594,1.099791
13,13.725392,0.5279,48.0,57.016993,57.266247,6.342877,1.099791
13,13.73639,0.538898,49.0,58.3664,58.562378,5.871135,1.099791
13,13.747388,0.549895,50.0,59.460026,59.724793,5.524941,1.099791
13,13.758385,0.560893,51.0,60.325363,60.570762,5.267783,1.099791
13,13.769383,0.571891,52.0,60.960828,61.175948,5.175277,1.099791
13,13.780381,0.582889,53.0,61.308142,61.592936,5.245873,1.099791
13,13.791379,0.593887,54.0,61.363057,61.739703,5.495228,1.099791
13,13.802377,0.604885,55.0,61.105934,61.461363,5.934006,1.099791
13,13.813375,0.615883,56.0,60.514118,60.845334,6.616597,1.099791
13,13.824373,0.626881,57.0,59.595414,59.890332,7.293995,1.099791
13,13.835371,0.637879,58.0,58.406167,58.63386,7.92342,1.099791
13,13.846369,0.648877,59.0,56.982786,57.146179,8.451821,1.099791
13,13.857367,0.659875,60.0,55.362119,55.51513,8.900736,1.099791
13,13.868365,0.670873,61.0,53.57152,53.728428,9.341243,1.099791
13,13.879362,0.68187,62.0,51.61132,51.786998,9.699178,1.099791
13,13.89036,0.692868,63.0,49.477876,49.680865,10.010841,1.099791
13,13.901358,0.703866,64.0,47.177209,47.345178,10.257065,1.099791
13,13.912356,0.714864,65.0,44.70585,44.847913,10.488891,1.099791
13,13.923354,0.725862,66.0,42.084991,42.225089,10.571723,1.099791
13,13.934352,0.73686,67.0,39.345647,39.430207,10.392818,1.099791
13,13.94535,0.747858,68.0,36.53682,36.57657,10.056972,1.099791
13,13.956348,0.758856,69.0,33.731632,33.648456,9.696235,1.099791
13,13.967346,0.769854,70.0,31.034271,30.803781,9.492646,1.099791
13,13.978344,0.780852,71.0,28.501488,28.199145,9.224032,1.099791
13,13.989342,0.79185,72.0,26.179829,25.943406,8.793717,1.099791
13,14.000339,0.802847,73.0,24.072257,23.912652,8.290889,1.099791
13,14.011337,0.813845,74.0,22.138895,22.040162,7.748636,1.099791
13,14.022335,0.824843,75.0,20.31727,20.265919,7.137725,1.099791
13,14.033333,0.835841,76.0,18.566367,18.532337,6.563293,1.099791
13,14.044331,0.846839,77.0,16.873857,16.83528,6.030579,1.099791
13,14.055329,0.857837,78.0,15.249668,15.158139,5.567615,1.099791
13,14.066327,0.868835,79.0,13.726293,13.577613,5.158114,1.099791
13,14.077325,0.879833,80.0,12.367309,12.144972,4.808986,1.099791
13,14.088323,0.890831,81.0,11.22999,10.915461,4.474282,1.099791
13,14.099321,0.901829,82.0,10.330291,10.040362,4.019399,1.099791
13,14.110319,0.912827,83.0,9.668941,9.471543,3.652702,1.099791
13,14.121316,0.923824,84.0,9.229513,9.079116,3.355177,1.099791
13,14.132314,0.934822,85.0,8.954654,8.838223,3.193066,1.099791
13,14.143312,0.94582,86.0,8.796072,8.718321,3.09241,1.099791
13,14.15431,0.956818,87.0,8.718306,8.666065,3.037086,1.099791
13,14.165308,0.967816,88.0,8.683225,8.678636,2.968605,1.099791
13,14.176306,0.978814,89.0,8.655859,8.690283,2.928691,1.099791
13,14.187304,0.989812,90.0,8.615463,8.662817,2.888687,1.099791
13,14.198302,1.00081,91.0,8.546204,8.581493,2.871673,1.099791
13,14.2093,1.011808,92.0,8.446905,8.464087,2.876681,1.099791
13,14.220298,1.022806,93.0,8.327564,8.332339,2.898645,1.099791
13,14.231296,1.033804,94.0,8.201254,8.193788,2.93347,1.099791
13,14.242293,1.044801,95.0,8.078997,8.066114,2.974628,1.099791
13,14.253291,1.055799,96.0,7.964459,7.949941,3.039226,1.099791
13,14.264289,1.066797,97.0,7.859163,7.852801,3.124557,1.099791
13,14.275287,1.077795,98.0,7.760932,7.759651,3.251597,1.099791
13,14.286285,1.088793,99.0,7.71368,7.667306,3.413889,1.099791
13,14.297283,1.099791,100.0,7.667306,7.574961,3.606236,1.099791
14,14.308281,0.010998,1.0,7.604191,7.586953,3.376153,1.099791
14,14.319279,0.021996,2.0,7.619833,7.621407,3.222586,1.099791
14,14.330277,0.032994,3.0,7.646448,7.655902,3.118441,1.099791
14,14.341275,0.043992,4.0,7.664506,7.682401,3.053607,1.099791
14,14.352273,0.05499,5.0,7.67354,7.685576,3.022483,1.099791
14,14.36327,0.065987,6.0,7.678867,7.677244,3.016023,1.099791
14,14.374268,0.076985,7.0,7.690991,7.666576,3.03064,1.099791
14,14.385266,0.087983,8.0,7.724949,7.68254,3.04292,1.099791
14,14.396264,0.098981,9.0,7.795631,7.74302,3.051358,1.099791
14,14.407262,0.109979,10.0,7.917776,7.855367,3.049697,1.099791
14,14.41826,0.120977,11.0,8.09952,8.030651,3.034465,1.099791
14,14.429258,0.131975,12.0,8.342751,8.2773,3.004506,1.099791
14,14.440256,0.142973,13.0,8.640338,8.591261,2.991117,1.099791
14,14.451254,0.153971,14.0,8.983434,8.959178,2.979044,1.099791
14,14.462252,0.164969,15.0,9.362079,9.343303,3.006427,1.099791
14,14.47325,0.175967,16.0,9.763306,9.746129,3.041865,1.099791
14,14.484247,0.186964,17.0,10.182871,10.170524,3.096882,1.099791
14,14.495245,0.197962,18.0,10.635271,10.597398,3.17314,1.099791
14,14.506243,0.20896,19.0,11.133485,11.056999,3.270518,1.099791
14,14.517241,0.219958,20.0,11.686911,11.605304,3.38174,1.099791
14,14.528239,0.230956,21.0,12.309763,12.237202,3.500009,1.099791
14,14.539237,0.241954,22.0,13.003448,12.937653,3.631283,1.099791
14,14.550235,0.252952,23.0,13.763056,13.711658,3.766779,1.099791
14,14.561233,0.26395,24.0,14.579418,14.525422,3.958008,1.099791
14,14.572231,0.274948,25.0,15.443244,15.403346,4.222332,1.099791
14,14.583229,0.285946,26.0,16.35741,16.319012,4.54473,1.099791
14,14.594227,0.296944,27.0,17.341871,17.256782,4.864593,1.099791
14,14.605224,0.307941,28.0,18.405479,18.282488,5.197482,1.099791
14,14.616222,0.318939,29.0,19.570429,19.447728,5.519047,1.099791
14,14.62722,0.329937,30.0,20.844457,20.721383,5.839719,1.099791
14,14.638218,0.340935,31.0,22.225857,22.143765,6.12774,1.099791
14,14.649216,0.351933,32.0,23.707045,23.626923,6.459994,1.099791
14,14.660214,0.362931,33.0,25.281901,25.189486,6.803949,1.099791
14,14.671212,0.373929,34.0,26.954461,26.853666,7.162857,1.099791
14,14.68221,0.384927,35.0,28.753746,28.595664,7.526677,1.099791
14,14.693208,0.395925,36.0,30.699016,30.506568,7.829693,1.099791
14,14.704206,0.406923,37.0,32.793018,32.623345,8.091659,1.099791
14,14.715204,0.417921,38.0,35.031947,34.915836,8.241441,1.099791
14,14.726201,0.428918,39.0,37.369649,37.323679,8.340537,1.099791
14,14.737199,0.439916,40.0,39.780487,39.790305,8.392064,1.099791
14,14.748197,0.450914,41.0,42.220829,42.195081,8.325335,1.099791
14,14.759195,0.461912,42.0,44.661222,44.677534,8.110071,1.099791
14,14.770193,0.47291,43.0,47.054016,47.117546,7.969469,1.099791
14,14.781191,0.483908,44.0,49.379745,49.525642,7.817075,1.099791
14,14.792189,0.494906,45.0,51.585802,51.754277,7.584987,1.099791
14,14.803187,0.505904,46.0,53.615542,53.823726,7.211647,1.099791
14,14.814185,0.516902,47.0,55.422889,55.707819,6.807594,1.099791
14,14.825183,0.5279,48.0,57.016993,57.266247,6.342877,1.099791
14,14.836181,0.538898,49.0,58.3664,58.562378,5.871135,1.099791
14,14.847179,0.549895,50.0,59.460026,59.724793,5.524941,1.099791
14,14.858176,0.560893,51.0,60.325363,60.570762,5.267783,1.099791
14,14.869174,0.571891,52.0,60.960828,61.175948,5.175277,1.099791
14,14.880172,0.582889,53.0,61.308142,61.592936,5.245873,1.099791
14,14.89117,0.593887,54.0,61.363057,61.739703,5.495228,1.099791
14,14.902168,0.604885,55.0,61.105934,61.461363,5.934006,1.099791
14,14.913166,0.615883,56.0,60.514118,60.845334,6.616597,1.099791
14,14.924164,0.626881,57.0,59.595414,59.890332,7.293995,1.099791
14,14.935162,0.637879,58.0,58.406167,58.63386,7.92342,1.099791
14,14.94616,0.648877,59.0,56.982786,57.146179,8.451821,1.099791
14,14.957158,0.659875,60.0,55.362119,55.51513,8.900736,1.099791
14,14.968156,0.670873,61.0,53.57152,53.728428,9.341243,1.099791
14,14.979153,0.68187,62.0,51.61132,51.786998,9.699178,1.099791
14,14.990151,0.692868,63.0,49.477876,49.680865,10.010841,1.099791
14,15.001149,0.703866,64.0,47.177209,47.345178,10.257065,1.099791
14,15.012147,0.714864,65.0,44.70585,44.847913,10.488891,1.099791
14,15.023145,0.725862,66.0,42.084991,42.225089,10.571723,1.099791
14,15.034143,0.73686,67.0,39.345647,39.430207,10.392818,1.099791
14,15.045141,0.747858,68.0,36.53682,36.57657,10.056972,1.099791
14,15.056139,0.758856,69.0,33.731632,33.648456,9.696235,1.099791
14,15.067137,0.769854,70.0,31.034271,30.803781,9.492646,1.099791
14,15.078135,0.780852,71.0,28.501488,28.199145,9.224032,1.099791
14,15.089133,0.79185,72.0,26.179829,25.943406,8.793717,1.099791
14,15.10013,0.802847,73.0,24.072257,23.912652,8.290889,1.099791
14,15.111128,0.813845,74.0,22.138895,22.040162,7.748636,1.099791
14,15.122126,0.824843,75.0,20.31727,20.265919,7.137725,1.099791
14,15.133124,0.835841,76.0,18.566367,18.532337,6.563293,1.099791
14,15.144122,0.846839,77.0,16.873857,16.83528,6.030579,1.099791
14,15.15512,0.857837,78.0,15.249668,15.158139,5.567615,1.099791
14,15.166118,0.868835,79.0,13.726293,13.577613,5.158114,1.099791
14,15.177116,0.879833,80.0,12.367309,12.144972,4.808986,1.099791
14,15.188114,0.890831,81.0,11.22999,10.915461,4.474282,1.099791
14,15.199112,0.901829,82.0,10.330291,10.040362,4.019399,1.099791
14,15.21011,0.912827,83.0,9.668941,9.471543,3.652702,1.099791
14,15.221107,0.923824,84.0,9.229513,9.079116,3.355177,1.099791
14,15.232105,0.934822,85.0,8.954654,8.838223,3.193066,1.099791
14,15.243103,0.94582,86.0,8.796072,8.718321,3.09241,1.099791
14,15.254101,0.956818,87.0,8.718306,8.666065,3.037086,1.099791
14,15.265099,0.967816,88.0,8.683225,8.678636,2.968605,1.099791
14,15.276097,0.978814,89.0,8.655859,8.690283,2.928691,1.099791
14,15.287095,0.989812,90.0,8.615463,8.662817,2.888687,1.099791
14,15.298093,1.00081,91.0,8.546204,8.581493,2.871673,1.099791
14,15.309091,1.011808,92.0,8.446905,8.464087,2.876681,1.099791
14,15.320089,1.022806,93.0,8.327564,8.332339,2.898645,1.099791
14,15.331087,1.033804,94.0,8.201254,8.193788,2.93347,1.099791
14,15.342084,1.044801,95.0,8.078997,8.066114,2.974628,1.099791
14,15.353082,1.055799,96.0,7.964459,7.949941,3.039226,1.099791
14,15.36408,1.066797,97.0,7.859163,7.852801,3.124557,1.099791
14,15.375078,1.077795,98.0,7.760932,7.759651,3.251597,1.099791
14,15.386076,1.088793,99.0,7.71368,7.667306,3.413889,1.099791
14,15.397074,1.099791,100.0,7.667306,7.574961,3.606236,1.099791
15,15.408072,0.010998,1.0,7.604191,7.586953,3.376153,1.099791
15,15.41907,0.021996,2.0,7.619833,7.621407,3.222586,1.099791
15,15.430068,0.032994,3.0,7.646448,7.655902,3.118441,1.099791
15,15.441066,0.043992,4.0,7.664506,7.682401,3.053607,1.099791
15,15.452064,0.05499,5.0,7.67354,7.685576,3.022483,1.099791
15,15.463061,0.065987,6.0,7.678867,7.677244,3.016023,1.099791
15,15.474059,0.076985,7.0,7.690991,7.666576,3.03064,1.099791
15,15.485057,0.087983,8.0,7.724949,7.68254,3.04292,1.099791
15,15.496055,0.098981,9.0,7.795631,7.74302,3.051358,1.099791
15,15.507053,0.109979,10.0,7.917776,7.855367,3.049697,1.099791
15,15.518051,0.120977,11.0,8.09952,8.030651,3.034465,1.099791
15,15.529049,0.131975,12.0,8.342751,8.2773,3.004506,1.099791
15,15.540047,0.142973,13.0,8.640338,8.591261,2.991117,1.099791
15,15.551045,0.153971,14.0,8.983434,8.959178,2.979044,1.099791
15,15.562043,0.164969,15.0,9.362079,9.343303,3.006427,1.099791
15,15.573041,0.175967,16.0,9.763306,9.746129,3.041865,1.099791
15,15.584038,0.186964,17.0,10.182871,10.170524,3.096882,1.099791
15,15.595036,0.197962,18.0,10.635271,10.597398,3.17314,1.099791
15,15.606034,0.20896,19.0,11.133485,11.056999,3.270518,1.099791
15,15.617032,0.219958,20.0,11.686911,11.605304,3.38174,1.099791
15,15.62803,0.230956,21.0,12.309763,12.237202,3.500009,1.099791
15,15.639028,0.241954,22.0,13.003448,12.937653,3.631283,1.099791
15,15.650026,0.252952,23.0,13.763056,13.711658,3.766779,1.099791
15,15.661024,0.26395,24.0,14.579418,14.525422,3.958008,1.099791
15,15.672022,0.274948,25.0,15.443244,15.403346,4.222332,1.099791
15,15.68302,0.285946,26.0,16.35741,16.319012,4.54473,1.099791
15,15.694018,0.296944,27.0,17.341871,17.256782,4.864593,1.099791
15,15.705015,0.307941,28.0,18.405479,18.282488,5.197482,1.099791
15,15.716013,0.318939,29.0,19.570429,19.447728,5.519047,1.099791
15,15.727011,0.329937,30.0,20.844457,20.721383,5.839719,1.099791
15,15.738009,0.340935,31.0,22.225857,22.143765,6.12774,1.099791
15,15.749007,0.351933,32.0,23.707045,23.626923,6.459994,1.099791
15,15.760005,0.362931,33.0,25.281901,25.189486,6.803949,1.099791
15,15.771003,0.373929,34.0,26.954461,26.853666,7.162857,1.099791
15,15.782001,0.384927,35.0,28.753746,28.595664,7.526677,1.099791
15,15.792999,0.395925,36.0,30.699016,30.506568,7.829693,1.099791
15,15.803997,0.406923,37.0,32.793018,32.623345,8.091659,1.099791
15,15.814995,0.417921,38.0,35.031947,34.915836,8.241441,1.099791
15,15.825992,0.428918,39.0,37.369649,37.323679,8.340537,1.099791
15,15.83699,0.439916,40.0,39.780487,39.790305,8.392064,1.099791
15,15.847988,0.450914,41.0,42.220829,42.195081,8.325335,1.099791
15,15.858986,0.461912,42.0,44.661222,44.677534,8.110071,1.099791
15,15.869984,0.47291,43.0,47.054016,47.117546,7.969469,1.099791
15,15.880982,0.483908,44.0,49.379745,49.525642,7.817075,1.099791
15,15.89198,0.494906,45.0,51.585802,51.754277,7.584987,1.099791
15,15.902978,0.505904,46.0,53.615542,53.823726,7.211647,1.099791
15,15.913976,0.516902,47.0,55.422889,55.707819,6.807594,1.099791
15,15.924974,0.5279,48.0,57.016993,57.266247,6.342877,1.099791
15,15.935972,0.538898,49.0,58.3664,58.562378,5.871135,1.099791
15,15.946969,0.549895,50.0,59.460026,59.724793,5.524941,1.099791
15,15.957967,0.560893,51.0,60.325363,60.570762,5.267783,1.099791
15,15.968965,0.571891,52.0,60.960828,61.175948,5.175277,1.099791
15,15.979963,0.582889,53.0,61.308142,61.592936,5.245873,1.099791
15,15.990961,0.593887,54.0,61.363057,61.739703,5.495228,1.099791
15,16.001959,0.604885,55.0,61.105934,61.461363,5.934006,1.099791
15,16.012957,0.615883,56.0,60.514118,60.845334,6.616597,1.099791
15,16.023955,0.626881,57.0,59.595414,59.890332,7.293995,1.099791
15,16.034953,0.637879,58.0,58.406167,58.63386,7.92342,1.099791
15,16.045951,0.648877,59.0,56.982786,57.146179,8.451821,1.099791
15,16.056949,0.659875,60.0,55.362119,55.51513,8.900736,1.099791
15,16.067947,0.670873,61.0,53.57152,53.728428,9.341243,1.099791
15,16.078944,0.68187,62.0,51.61132,51.786998,9.699178,1.099791
15,16.089942,0.692868,63.0,49.477876,49.680865,10.010841,1.099791
15,16.10094,0.703866,64.0,47.177209,47.345178,10.257065,1.099791
15,16.111938,0.714864,65.0,44.70585,44.847913,10.488891,1.099791
15,16.122936,0.725862,66.0,42.084991,42.225089,10.571723,1.099791
15,16.133934,0.73686,67.0,39.345647,39.430207,10.392818,1.099791
15,16.144932,0.747858,68.0,36.53682,36.57657,10.056972,1.099791
15,16.15593,0.758856,69.0,33.731632,33.648456,9.696235,1.099791
15,16.166928,0.769854,70.0,31.034271,30.803781,9.492646,1.099791
15,16.177926,0.780852,71.0,28.501488,28.199145,9.224032,1.099791
15,16.188924,0.79185,72.0,26.179829,25.943406,8.793717,1.099791
15,16.199921,0.802847,73.0,24.072257,23.912652,8.290889,1.099791
15,16.210919,0.813845,74.0,22.138895,22.040162,7.748636,1.099791
15,16.221917,0.824843,75.0,20.31727,20.265919,7.137725,1.099791
15,16.232915,0.835841,76.0,18.566367,18.532337,6.563293,1.099791
15,16.243913,0.846839,77.0,16.873857,16.83528,6.030579,1.099791
15,16.254911,0.857837,78.0,15.249668,15.158139,5.567615,1.099791
15,16.265909,0.868835,79.0,13.726293,13.577613,5.158114,1.099791
15,16.276907,0.879833,80.0,12.367309,12.144972,4.808986,1.099791
15,16.287905,0.890831,81.0,11.22999,10.915461,4.474282,1.099791
15,16.298903,0.901829,82.0,10.330291,10.040362,4.019399,1.099791
15,16.309901,0.912827,83.0,9.668941,9.471543,3.652702,1.099791
15,16.320898,0.923824,84.0,9.229513,9.079116,3.355177,1.099791
15,16.331896,0.934822,85.0,8.954654,8.838223,3.193066,1.099791
15,16.342894,0.94582,86.0,8.796072,8.718321,3.09241,1.099791
15,16.353892,0.956818,87.0,8.718306,8.666065,3.037086,1.099791
15,16.36489,0.967816,88.0,8.683225,8.678636,2.968605,1.099791
15,16.375888,0.978814,89.0,8.655859,8.690283,2.928691,1.099791
15,16.386886,0.989812,90.0,8.615463,8.662817,2.888687,1.099791
15,16.397884,1.00081,91.0,8.546204,8.581493,2.871673,1.099791
15,16.408882,1.011808,92.0,8.446905,8.464087,2.876681,1.099791
15,16.41988,1.022806,93.0,8.327564,8.332339,2.898645,1.099791
15,16.430878,1.033804,94.0,8.201254,8.193788,2.93347,1.099791
15,16.441875,1.044801,95.0,8.078997,8.066114,2.974628,1.099791
15,16.452873,1.055799,96.0,7.964459,7.949941,3.039226,1.099791
15,16.463871,1.066797,97.0,7.859163,7.852801,3.124557,1.099791
15,16.474869,1.077795,98.0,7.760932,7.759651,3.251597,1.099791
15,16.485867,1.088793,99.0,7.71368,7.667306,3.413889,1.099791
15,16.496865,1.099791,100.0,7.667306,7.574961,3.606236,1.099791
