session_id,time_seconds,percent,angle
146,0.0,0.0,5.5
146,0.095436,1.0,5.19245
146,0.190872,2.0,5.2249
146,0.286307,3.0,7.415972
146,0.381743,4.0,12.795584
146,0.477179,5.0,30.107206
146,0.572615,6.0,53.41591
146,0.66805,7.0,78.614235
146,0.763486,8.0,85.679943
146,0.858922,9.0,80.983228
146,0.954358,10.0,79.28225
146,1.049793,11.0,80.208454
146,1.145229,12.0,76.355363
146,1.240665,13.0,62.728592
146,1.336101,14.0,50.953386
146,1.431537,15.0,35.772
146,1.526972,16.0,23.742924
146,1.622408,17.0,18.8243
146,1.717844,18.0,19.859034
146,1.81328,19.0,26.10222
146,1.908715,20.0,45.998595
146,2.004151,21.0,76.028635
146,2.099587,22.0,88.250902
146,2.195023,23.0,85.024949
146,2.290458,24.0,83.968285
146,2.385894,25.0,82.9023
146,2.48133,26.0,73.670417
146,2.576766,27.0,59.28487
146,2.672202,28.0,41.711707
146,2.767637,29.0,28.213073
146,2.863073,30.0,18.750331
146,2.958509,31.0,16.204088
146,3.053945,32.0,26.451792
146,3.14938,33.0,43.984684
146,3.244816,34.0,82.926435
146,3.340252,35.0,93.027143
146,3.435688,36.0,87.657201
146,3.531123,37.0,88.744274
146,3.626559,38.0,87.563932
146,3.721995,39.0,69.794634
146,3.817431,40.0,46.098235
146,3.912867,41.0,31.152132
146,4.008302,42.0,19.325236
146,4.103738,43.0,18.642674
146,4.199174,44.0,20.837922
146,4.29461,45.0,29.39348
146,4.390045,46.0,68.962121
146,4.485481,47.0,86.985267
146,4.580917,48.0,90.891866
146,4.676353,49.0,90.28425
146,4.771789,50.0,89.7975
146,4.867224,51.0,87.784388
146,4.96266,52.0,74.261353
146,5.058096,53.0,54.558593
146,5.153532,54.0,39.659768
146,5.248967,55.0,22.663875
146,5.344403,56.0,20.277136
146,5.439839,57.0,24.778147
146,5.535275,58.0,36.257501
146,5.63071,59.0,65.269168
146,5.726146,60.0,86.159778
146,5.821582,61.0,102.699089
146,5.917018,62.0,93.069898
146,6.012454,63.0,95.75341
146,6.107889,64.0,94.029957
146,6.203325,65.0,73.53125
146,6.298761,66.0,59.695986
146,6.394197,67.0,38.599832
146,6.489632,68.0,27.512163
146,6.585068,69.0,24.69071
146,6.680504,70.0,27.100125
146,6.77594,71.0,39.411485
146,6.871375,72.0,63.432787
146,6.966811,73.0,88.828472
146,7.062247,74.0,94.59399
146,7.157683,75.0,94.333484
146,7.253119,76.0,100.120337
146,7.348554,77.0,91.797178
146,7.44399,78.0,78.210287
146,7.539426,79.0,60.706813
146,7.634862,80.0,44.054118
146,7.730297,81.0,32.838141
146,7.825733,82.0,27.871059
146,7.921169,83.0,27.688842
146,8.016605,84.0,42.397127
146,8.11204,85.0,70.132669
146,8.207476,86.0,93.325987
146,8.302912,87.0,90.330918
146,8.398348,88.0,66.571837
146,8.493784,89.0,40.705103
146,8.589219,90.0,24.160429
146,8.684655,91.0,21.819139
146,8.780091,92.0,21.005918
146,8.875527,93.0,20.636118
146,8.970962,94.0,20.832714
146,9.066398,95.0,20.971786
146,9.161834,96.0,20.849107
146,9.25727,97.0,20.704289
146,9.352705,98.0,20.427899
146,9.448141,99.0,20.168784
146,9.543577,100.0,20.09
147,0.0,0.0,5.28
147,0.095436,1.0,5.83059
147,0.190872,2.0,6.658203
147,0.286307,3.0,8.331062
147,0.381743,4.0,12.160372
147,0.477179,5.0,23.230457
147,0.572615,6.0,45.370986
147,0.66805,7.0,65.631137
147,0.763486,8.0,78.471344
147,0.858922,9.0,79.750824
147,0.954358,10.0,71.106745
147,1.049793,11.0,70.580045
147,1.145229,12.0,69.347055
147,1.240665,13.0,60.351001
147,1.336101,14.0,48.131938
147,1.431537,15.0,31.192132
147,1.526972,16.0,19.480154
147,1.622408,17.0,9.243388
147,1.717844,18.0,8.289844
147,1.81328,19.0,11.584132
147,1.908715,20.0,27.92775
147,2.004151,21.0,62.040573
147,2.099587,22.0,80.008393
147,2.195023,23.0,80.20829
147,2.290458,24.0,78.419166
147,2.385894,25.0,74.334711
147,2.48133,26.0,65.742489
147,2.576766,27.0,52.979696
147,2.672202,28.0,36.937891
147,2.767637,29.0,23.893228
147,2.863073,30.0,11.463568
147,2.958509,31.0,11.373597
147,3.053945,32.0,18.54068
147,3.14938,33.0,39.329578
147,3.244816,34.0,68.552553
147,3.340252,35.0,84.656949
147,3.435688,36.0,83.193387
147,3.531123,37.0,83.27728
147,3.626559,38.0,74.972082
147,3.721995,39.0,60.481251
147,3.817431,40.0,48.562715
147,3.912867,41.0,30.609063
147,4.008302,42.0,20.280645
147,4.103738,43.0,11.902104
147,4.199174,44.0,17.564295
147,4.29461,45.0,35.575187
147,4.390045,46.0,59.960433
147,4.485481,47.0,86.155138
147,4.580917,48.0,85.740253
147,4.676353,49.0,83.677834
147,4.771789,50.0,84.205
147,4.867224,51.0,70.405458
147,4.96266,52.0,55.230166
147,5.058096,53.0,41.38861
147,5.153532,54.0,25.943753
147,5.248967,55.0,20.253125
147,5.344403,56.0,14.960173
147,5.439839,57.0,22.619012
147,5.535275,58.0,39.955045
147,5.63071,59.0,73.76119
147,5.726146,60.0,86.232037
147,5.821582,61.0,81.108552
147,5.917018,62.0,81.148245
147,6.012454,63.0,80.425298
147,6.107889,64.0,70.016085
147,6.203325,65.0,54.816153
147,6.298761,66.0,35.739781
147,6.394197,67.0,24.028304
147,6.489632,68.0,19.708966
147,6.585068,69.0,16.402918
147,6.680504,70.0,23.166885
147,6.77594,71.0,42.46979
147,6.871375,72.0,71.848491
147,6.966811,73.0,85.604858
147,7.062247,74.0,82.803639
147,7.157683,75.0,85.604788
147,7.253119,76.0,86.64976
147,7.348554,77.0,74.821557
147,7.44399,78.0,60.650918
147,7.539426,79.0,46.213144
147,7.634862,80.0,29.759472
147,7.730297,81.0,20.259605
147,7.825733,82.0,17.578922
147,7.921169,83.0,21.649615
147,8.016605,84.0,28.629769
147,8.11204,85.0,55.942716
147,8.207476,86.0,76.68072
147,8.302912,87.0,70.190043
147,8.398348,88.0,46.74554
147,8.493784,89.0,28.647039
147,8.589219,90.0,15.77074
147,8.684655,91.0,11.56614
147,8.780091,92.0,10.263746
147,8.875527,93.0,9.043095
147,8.970962,94.0,9.37359
147,9.066398,95.0,9.532717
147,9.161834,96.0,10.34551
147,9.25727,97.0,10.761318
147,9.352705,98.0,11.700357
147,9.448141,99.0,12.345262
147,9.543577,100.0,12.33
148,0.0,0.0,7.98
148,0.095436,1.0,14.793823
148,0.190872,2.0,29.156171
148,0.286307,3.0,44.767052
148,0.381743,4.0,57.146808
148,0.477179,5.0,63.5365
148,0.572615,6.0,63.775849
148,0.66805,7.0,60.5955
148,0.763486,8.0,63.456527
148,0.858922,9.0,65.662303
148,0.954358,10.0,62.685763
148,1.049793,11.0,50.335573
148,1.145229,12.0,37.233513
148,1.240665,13.0,20.511118
148,1.336101,14.0,6.978875
148,1.431537,15.0,6.648352
148,1.526972,16.0,8.407539
148,1.622408,17.0,25.370942
148,1.717844,18.0,48.248208
148,1.81328,19.0,77.281552
148,1.908715,20.0,84.775588
148,2.004151,21.0,75.481921
148,2.099587,22.0,71.564816
148,2.195023,23.0,67.385845
148,2.290458,24.0,57.40399
148,2.385894,25.0,42.715
148,2.48133,26.0,28.213254
148,2.576766,27.0,16.449699
148,2.672202,28.0,12.30749
148,2.767637,29.0,13.391537
148,2.863073,30.0,31.92275
148,2.958509,31.0,62.265569
148,3.053945,32.0,82.616768
148,3.14938,33.0,90.165172
148,3.244816,34.0,78.943867
148,3.340252,35.0,78.8669
148,3.435688,36.0,74.785792
148,3.531123,37.0,61.039882
148,3.626559,38.0,44.612732
148,3.721995,39.0,31.306584
148,3.817431,40.0,20.33755
148,3.912867,41.0,14.339324
148,4.008302,42.0,18.303897
148,4.103738,43.0,34.150825
148,4.199174,44.0,65.733311
148,4.29461,45.0,82.156562
148,4.390045,46.0,82.311361
148,4.485481,47.0,82.75716
148,4.580917,48.0,84.908698
148,4.676353,49.0,76.383429
148,4.771789,50.0,63.481284
148,4.867224,51.0,48.180516
148,4.96266,52.0,31.991034
148,5.058096,53.0,20.975028
148,5.153532,54.0,14.861573
148,5.248967,55.0,23.432692
148,5.344403,56.0,43.432677
148,5.439839,57.0,70.854259
148,5.535275,58.0,88.359197
148,5.63071,59.0,81.558693
148,5.726146,60.0,83.340294
148,5.821582,61.0,84.80923
148,5.917018,62.0,75.335235
148,6.012454,63.0,60.455605
148,6.107889,64.0,45.387298
148,6.203325,65.0,34.2006
148,6.298761,66.0,26.303741
148,6.394197,67.0,22.7647
148,6.489632,68.0,28.89173
148,6.585068,69.0,50.860137
148,6.680504,70.0,72.946812
148,6.77594,71.0,84.000278
148,6.871375,72.0,81.242117
148,6.966811,73.0,82.026455
148,7.062247,74.0,79.678261
148,7.157683,75.0,71.265
148,7.253119,76.0,57.016067
148,7.348554,77.0,43.176512
148,7.44399,78.0,29.378283
148,7.539426,79.0,19.953271
148,7.634862,80.0,19.968364
148,7.730297,81.0,20.603536
148,7.825733,82.0,39.210752
148,7.921169,83.0,65.565871
148,8.016605,84.0,73.333593
148,8.11204,85.0,66.539
148,8.207476,86.0,40.352917
148,8.302912,87.0,23.50628
148,8.398348,88.0,18.105689
148,8.493784,89.0,12.151248
148,8.589219,90.0,10.395182
148,8.684655,91.0,10.84277
148,8.780091,92.0,11.674801
148,8.875527,93.0,11.5966
148,8.970962,94.0,12.879404
148,9.066398,95.0,16.697333
148,9.161834,96.0,21.764899
148,9.25727,97.0,25.828773
148,9.352705,98.0,28.625447
148,9.448141,99.0,33.017063
148,9.543577,100.0,36.44
149,0.0,0.0,0.24
149,0.095436,1.0,0.341267
149,0.190872,2.0,2.275692
149,0.286307,3.0,5.311717
149,0.381743,4.0,13.410753
149,0.477179,5.0,23.296643
149,0.572615,6.0,36.974125
149,0.66805,7.0,62.379438
149,0.763486,8.0,79.157764
149,0.858922,9.0,81.440935
149,0.954358,10.0,72.088295
149,1.049793,11.0,71.901959
149,1.145229,12.0,71.100314
149,1.240665,13.0,60.397469
149,1.336101,14.0,49.89659
149,1.431537,15.0,36.372333
149,1.526972,16.0,21.415615
149,1.622408,17.0,14.785547
149,1.717844,18.0,9.801495
149,1.81328,19.0,25.498456
149,1.908715,20.0,51.078667
149,2.004151,21.0,73.898269
149,2.099587,22.0,83.419666
149,2.195023,23.0,77.338394
149,2.290458,24.0,75.414324
149,2.385894,25.0,67.046
149,2.48133,26.0,55.981409
149,2.576766,27.0,44.640658
149,2.672202,28.0,28.396948
149,2.767637,29.0,20.467488
149,2.863073,30.0,11.620795
149,2.958509,31.0,13.707433
149,3.053945,32.0,26.790199
149,3.14938,33.0,64.60999
149,3.244816,34.0,82.972183
149,3.340252,35.0,75.834795
149,3.435688,36.0,76.331049
149,3.531123,37.0,74.355427
149,3.626559,38.0,63.876407
149,3.721995,39.0,46.142081
149,3.817431,40.0,27.771216
149,3.912867,41.0,19.289041
149,4.008302,42.0,11.404521
149,4.103738,43.0,11.509337
149,4.199174,44.0,20.968104
149,4.29461,45.0,42.949068
149,4.390045,46.0,72.075934
149,4.485481,47.0,86.65668
149,4.580917,48.0,77.496368
149,4.676353,49.0,78.449555
149,4.771789,50.0,73.956875
149,4.867224,51.0,62.594715
149,4.96266,52.0,47.728184
149,5.058096,53.0,32.456026
149,5.153532,54.0,19.613963
149,5.248967,55.0,14.615417
149,5.344403,56.0,13.822265
149,5.439839,57.0,16.042036
149,5.535275,58.0,35.868985
149,5.63071,59.0,65.48953
149,5.726146,60.0,84.456545
149,5.821582,61.0,88.729468
149,5.917018,62.0,78.99783
149,6.012454,63.0,80.757901
149,6.107889,64.0,75.795134
149,6.203325,65.0,59.40191
149,6.298761,66.0,43.860836
149,6.394197,67.0,30.12182
149,6.489632,68.0,15.707398
149,6.585068,69.0,12.075087
149,6.680504,70.0,15.168099
149,6.77594,71.0,19.800417
149,6.871375,72.0,38.456213
149,6.966811,73.0,66.114066
149,7.062247,74.0,83.469936
149,7.157683,75.0,82.902289
149,7.253119,76.0,81.036627
149,7.348554,77.0,79.777
149,7.44399,78.0,73.678588
149,7.539426,79.0,58.387843
149,7.634862,80.0,42.737333
149,7.730297,81.0,29.167106
149,7.825733,82.0,17.657847
149,7.921169,83.0,14.58495
149,8.016605,84.0,14.941601
149,8.11204,85.0,21.737312
149,8.207476,86.0,37.671509
149,8.302912,87.0,57.576728
149,8.398348,88.0,73.565272
149,8.493784,89.0,51.037536
149,8.589219,90.0,32.271
149,8.684655,91.0,16.706933
149,8.780091,92.0,12.670799
149,8.875527,93.0,10.119065
149,8.970962,94.0,7.035688
149,9.066398,95.0,6.289664
149,9.161834,96.0,5.604657
149,9.25727,97.0,5.477118
149,9.352705,98.0,5.357674
149,9.448141,99.0,4.803773
149,9.543577,100.0,3.16
150,0.0,0.0,0.27
150,0.095436,1.0,0.349279
150,0.190872,2.0,0.603817
150,0.286307,3.0,1.273647
150,0.381743,4.0,7.398445
150,0.477179,5.0,22.051676
150,0.572615,6.0,43.180684
150,0.66805,7.0,60.494641
150,0.763486,8.0,66.142506
150,0.858922,9.0,63.208378
150,0.954358,10.0,62.755207
150,1.049793,11.0,63.679224
150,1.145229,12.0,62.276409
150,1.240665,13.0,51.457857
150,1.336101,14.0,37.156856
150,1.431537,15.0,23.777045
150,1.526972,16.0,12.314707
150,1.622408,17.0,5.459815
150,1.717844,18.0,3.965654
150,1.81328,19.0,13.201684
150,1.908715,20.0,31.733097
150,2.004151,21.0,61.496944
150,2.099587,22.0,76.273826
150,2.195023,23.0,73.904495
150,2.290458,24.0,76.34177
150,2.385894,25.0,69.474631
150,2.48133,26.0,57.239225
150,2.576766,27.0,42.141658
150,2.672202,28.0,26.707158
150,2.767637,29.0,16.277816
150,2.863073,30.0,11.017607
150,2.958509,31.0,13.054641
150,3.053945,32.0,22.032405
150,3.14938,33.0,50.835755
150,3.244816,34.0,77.109789
150,3.340252,35.0,81.312029
150,3.435688,36.0,78.954417
150,3.531123,37.0,75.708965
150,3.626559,38.0,73.190679
150,3.721995,39.0,60.040925
150,3.817431,40.0,44.353139
150,3.912867,41.0,27.868525
150,4.008302,42.0,12.901875
150,4.103738,43.0,5.671536
150,4.199174,44.0,3.698876
150,4.29461,45.0,12.849524
150,4.390045,46.0,29.331182
150,4.485481,47.0,62.677372
150,4.580917,48.0,83.410601
150,4.676353,49.0,78.206934
150,4.771789,50.0,76.281333
150,4.867224,51.0,76.632323
150,4.96266,52.0,69.026451
150,5.058096,53.0,52.901774
150,5.153532,54.0,37.642971
150,5.248967,55.0,18.747345
150,5.344403,56.0,5.996562
150,5.439839,57.0,5.71903
150,5.535275,58.0,13.67109
150,5.63071,59.0,35.200864
150,5.726146,60.0,67.018475
150,5.821582,61.0,85.051284
150,5.917018,62.0,83.860771
150,6.012454,63.0,75.984268
150,6.107889,64.0,77.484363
150,6.203325,65.0,67.095368
150,6.298761,66.0,51.59589
150,6.394197,67.0,35.898618
150,6.489632,68.0,22.504175
150,6.585068,69.0,15.619282
150,6.680504,70.0,11.828402
150,6.77594,71.0,16.083901
150,6.871375,72.0,23.306526
150,6.966811,73.0,54.789791
150,7.062247,74.0,80.564821
150,7.157683,75.0,80.2896
150,7.253119,76.0,79.770848
150,7.348554,77.0,80.159139
150,7.44399,78.0,70.190474
150,7.539426,79.0,56.538944
150,7.634862,80.0,41.450243
150,7.730297,81.0,26.164178
150,7.825733,82.0,15.330241
150,7.921169,83.0,10.255756
150,8.016605,84.0,10.438244
150,8.11204,85.0,21.027794
150,8.207476,86.0,43.802018
150,8.302912,87.0,65.725755
150,8.398348,88.0,69.398393
150,8.493784,89.0,43.55933
150,8.589219,90.0,22.271148
150,8.684655,91.0,4.701861
150,8.780091,92.0,1.287852
150,8.875527,93.0,0.671152
150,8.970962,94.0,1.595399
150,9.066398,95.0,0.66371
150,9.161834,96.0,0.939363
150,9.25727,97.0,0.48266
150,9.352705,98.0,0.293058
150,9.448141,99.0,0.56234
150,9.543577,100.0,0.28
151,0.0,0.0,0.42
151,0.095436,1.0,0.462695
151,0.190872,2.0,2.149634
151,0.286307,3.0,11.606072
151,0.381743,4.0,22.535689
151,0.477179,5.0,38.581056
151,0.572615,6.0,53.04437
151,0.66805,7.0,60.180899
151,0.763486,8.0,61.098564
151,0.858922,9.0,61.351644
151,0.954358,10.0,69.023434
151,1.049793,11.0,70.680732
151,1.145229,12.0,63.083439
151,1.240665,13.0,49.175061
151,1.336101,14.0,36.178836
151,1.431537,15.0,24.788983
151,1.526972,16.0,15.900766
151,1.622408,17.0,11.624386
151,1.717844,18.0,13.291396
151,1.81328,19.0,31.743006
151,1.908715,20.0,66.276685
151,2.004151,21.0,78.841775
151,2.099587,22.0,76.265129
151,2.195023,23.0,75.215135
151,2.290458,24.0,76.443985
151,2.385894,25.0,73.227027
151,2.48133,26.0,62.180183
151,2.576766,27.0,48.803612
151,2.672202,28.0,33.031048
151,2.767637,29.0,24.895217
151,2.863073,30.0,17.962013
151,2.958509,31.0,17.755858
151,3.053945,32.0,27.170676
151,3.14938,33.0,51.768481
151,3.244816,34.0,75.974548
151,3.340252,35.0,80.255208
151,3.435688,36.0,80.62246
151,3.531123,37.0,77.401876
151,3.626559,38.0,77.549512
151,3.721995,39.0,68.326091
151,3.817431,40.0,57.99116
151,3.912867,41.0,43.80619
151,4.008302,42.0,29.536662
151,4.103738,43.0,18.363628
151,4.199174,44.0,11.628609
151,4.29461,45.0,11.852008
151,4.390045,46.0,19.131324
151,4.485481,47.0,38.488427
151,4.580917,48.0,64.748884
151,4.676353,49.0,79.322762
151,4.771789,50.0,81.088315
151,4.867224,51.0,81.578205
151,4.96266,52.0,78.030897
151,5.058096,53.0,67.865878
151,5.153532,54.0,54.611334
151,5.248967,55.0,36.132583
151,5.344403,56.0,21.827752
151,5.439839,57.0,13.268179
151,5.535275,58.0,10.486024
151,5.63071,59.0,17.555451
151,5.726146,60.0,37.709778
151,5.821582,61.0,63.137961
151,5.917018,62.0,80.824116
151,6.012454,63.0,81.981673
151,6.107889,64.0,79.386708
151,6.203325,65.0,82.542768
151,6.298761,66.0,78.632592
151,6.394197,67.0,69.459418
151,6.489632,68.0,54.444544
151,6.585068,69.0,41.885195
151,6.680504,70.0,34.151259
151,6.77594,71.0,31.034691
151,6.871375,72.0,30.50058
151,6.966811,73.0,29.738471
151,7.062247,74.0,39.409692
151,7.157683,75.0,67.254725
151,7.253119,76.0,86.385725
151,7.348554,77.0,87.340043
151,7.44399,78.0,85.42936
151,7.539426,79.0,84.278832
151,7.634862,80.0,81.862526
151,7.730297,81.0,68.553197
151,7.825733,82.0,53.742716
151,7.921169,83.0,37.382562
151,8.016605,84.0,28.424043
151,8.11204,85.0,22.023205
151,8.207476,86.0,21.91904
151,8.302912,87.0,26.857651
151,8.398348,88.0,43.839758
151,8.493784,89.0,69.063852
151,8.589219,90.0,80.507113
151,8.684655,91.0,75.467083
151,8.780091,92.0,48.854807
151,8.875527,93.0,26.598053
151,8.970962,94.0,12.320129
151,9.066398,95.0,6.508116
151,9.161834,96.0,4.035983
151,9.25727,97.0,2.881211
151,9.352705,98.0,2.365536
151,9.448141,99.0,2.298131
151,9.543577,100.0,2.35
152,0.0,0.0,11.05
152,0.095436,1.0,11.749266
152,0.190872,2.0,14.447776
152,0.286307,3.0,21.967895
152,0.381743,4.0,33.891465
152,0.477179,5.0,47.627443
152,0.572615,6.0,57.069669
152,0.66805,7.0,61.843484
152,0.763486,8.0,60.370475
152,0.858922,9.0,56.732943
152,0.954358,10.0,60.531044
152,1.049793,11.0,65.640735
152,1.145229,12.0,61.795614
152,1.240665,13.0,52.996011
152,1.336101,14.0,41.973098
152,1.431537,15.0,29.93471
152,1.526972,16.0,20.325949
152,1.622408,17.0,14.042208
152,1.717844,18.0,13.086038
152,1.81328,19.0,20.575921
152,1.908715,20.0,32.399619
152,2.004151,21.0,57.347677
152,2.099587,22.0,77.431869
152,2.195023,23.0,82.540622
152,2.290458,24.0,75.035383
152,2.385894,25.0,75.753095
152,2.48133,26.0,76.560175
152,2.576766,27.0,72.180502
152,2.672202,28.0,58.548265
152,2.767637,29.0,45.530214
152,2.863073,30.0,32.764264
152,2.958509,31.0,22.813119
152,3.053945,32.0,16.94759
152,3.14938,33.0,14.943076
152,3.244816,34.0,17.659858
152,3.340252,35.0,38.438456
152,3.435688,36.0,64.327015
152,3.531123,37.0,79.870583
152,3.626559,38.0,79.89503
152,3.721995,39.0,75.578894
152,3.817431,40.0,73.549708
152,3.912867,41.0,73.852897
152,4.008302,42.0,66.233749
152,4.103738,43.0,50.4783
152,4.199174,44.0,34.173904
152,4.29461,45.0,21.698621
152,4.390045,46.0,15.295763
152,4.485481,47.0,12.095408
152,4.580917,48.0,13.55898
152,4.676353,49.0,18.345122
152,4.771789,50.0,38.294762
152,4.867224,51.0,69.038448
152,4.96266,52.0,83.524716
152,5.058096,53.0,83.100079
152,5.153532,54.0,78.056826
152,5.248967,55.0,76.588428
152,5.344403,56.0,75.413835
152,5.439839,57.0,61.99616
152,5.535275,58.0,49.400453
152,5.63071,59.0,34.245609
152,5.726146,60.0,21.018061
152,5.821582,61.0,15.480359
152,5.917018,62.0,14.791699
152,6.012454,63.0,20.278502
152,6.107889,64.0,34.576291
152,6.203325,65.0,62.06835
152,6.298761,66.0,79.08592
152,6.394197,67.0,83.424127
152,6.489632,68.0,77.15708
152,6.585068,69.0,75.806044
152,6.680504,70.0,76.271425
152,6.77594,71.0,68.511632
152,6.871375,72.0,52.087766
152,6.966811,73.0,35.291612
152,7.062247,74.0,23.821128
152,7.157683,75.0,16.737686
152,7.253119,76.0,11.468233
152,7.348554,77.0,18.879264
152,7.44399,78.0,32.130115
152,7.539426,79.0,56.134531
152,7.634862,80.0,75.686286
152,7.730297,81.0,82.200586
152,7.825733,82.0,80.840524
152,7.921169,83.0,76.134352
152,8.016605,84.0,72.292579
152,8.11204,85.0,64.117317
152,8.207476,86.0,51.796835
152,8.302912,87.0,39.504206
152,8.398348,88.0,26.514874
152,8.493784,89.0,16.345536
152,8.589219,90.0,10.339763
152,8.684655,91.0,10.909232
152,8.780091,92.0,13.896494
152,8.875527,93.0,29.706341
152,8.970962,94.0,55.990505
152,9.066398,95.0,69.67242
152,9.161834,96.0,67.789724
152,9.25727,97.0,53.993934
152,9.352705,98.0,35.617346
152,9.448141,99.0,21.535208
152,9.543577,100.0,17.06
156,0.0,0.0,2.5
156,0.095436,1.0,2.379511
156,0.190872,2.0,4.780637
156,0.286307,3.0,12.211857
156,0.381743,4.0,34.392163
156,0.477179,5.0,55.697354
156,0.572615,6.0,81.948621
156,0.66805,7.0,91.336767
156,0.763486,8.0,82.519413
156,0.858922,9.0,71.55677
156,0.954358,10.0,69.772832
156,1.049793,11.0,68.627009
156,1.145229,12.0,64.399029
156,1.240665,13.0,53.406937
156,1.336101,14.0,42.712364
156,1.431537,15.0,24.683098
156,1.526972,16.0,16.291096
156,1.622408,17.0,13.00572
156,1.717844,18.0,13.456012
156,1.81328,19.0,26.729001
156,1.908715,20.0,57.875158
156,2.004151,21.0,85.425545
156,2.099587,22.0,92.180445
156,2.195023,23.0,83.238055
156,2.290458,24.0,76.536041
156,2.385894,25.0,71.122
156,2.48133,26.0,59.024333
156,2.576766,27.0,48.338182
156,2.672202,28.0,32.640738
156,2.767637,29.0,23.808319
156,2.863073,30.0,16.765574
156,2.958509,31.0,15.972401
156,3.053945,32.0,21.379657
156,3.14938,33.0,47.235567
156,3.244816,34.0,80.728384
156,3.340252,35.0,93.95936
156,3.435688,36.0,88.505062
156,3.531123,37.0,77.890157
156,3.626559,38.0,75.979584
156,3.721995,39.0,65.787774
156,3.817431,40.0,52.43065
156,3.912867,41.0,36.714194
156,4.008302,42.0,23.849656
156,4.103738,43.0,11.013247
156,4.199174,44.0,8.947664
156,4.29461,45.0,15.440216
156,4.390045,46.0,28.14313
156,4.485481,47.0,64.029613
156,4.580917,48.0,88.654294
156,4.676353,49.0,92.343773
156,4.771789,50.0,81.523514
156,4.867224,51.0,77.19712
156,4.96266,52.0,69.526006
156,5.058096,53.0,57.392505
156,5.153532,54.0,41.332484
156,5.248967,55.0,26.489342
156,5.344403,56.0,14.21388
156,5.439839,57.0,9.988364
156,5.535275,58.0,12.383793
156,5.63071,59.0,30.179916
156,5.726146,60.0,65.032231
156,5.821582,61.0,87.643872
156,5.917018,62.0,97.27992
156,6.012454,63.0,86.573692
156,6.107889,64.0,78.013383
156,6.203325,65.0,72.960393
156,6.298761,66.0,61.662164
156,6.394197,67.0,45.7655
156,6.489632,68.0,31.228842
156,6.585068,69.0,15.247602
156,6.680504,70.0,9.970798
156,6.77594,71.0,8.40488
156,6.871375,72.0,11.607731
156,6.966811,73.0,36.394926
156,7.062247,74.0,61.594252
156,7.157683,75.0,89.656444
156,7.253119,76.0,93.962192
156,7.348554,77.0,83.799433
156,7.44399,78.0,74.568427
156,7.539426,79.0,68.904879
156,7.634862,80.0,56.991312
156,7.730297,81.0,44.381495
156,7.825733,82.0,27.324211
156,7.921169,83.0,16.303305
156,8.016605,84.0,9.105343
156,8.11204,85.0,9.011295
156,8.207476,86.0,17.889754
156,8.302912,87.0,31.925089
156,8.398348,88.0,64.280793
156,8.493784,89.0,76.866053
156,8.589219,90.0,70.223708
156,8.684655,91.0,44.934582
156,8.780091,92.0,17.544651
156,8.875527,93.0,12.109406
156,8.970962,94.0,9.935463
156,9.066398,95.0,6.307052
156,9.161834,96.0,5.466327
156,9.25727,97.0,4.083812
156,9.352705,98.0,2.762301
156,9.448141,99.0,2.392383
156,9.543577,100.0,2.53
157,0.0,0.0,4.98
157,0.095436,1.0,6.922558
157,0.190872,2.0,16.938242
157,0.286307,3.0,34.630844
157,0.381743,4.0,60.329098
157,0.477179,5.0,80.971929
157,0.572615,6.0,84.777706
157,0.66805,7.0,73.051444
157,0.763486,8.0,67.315385
157,0.858922,9.0,71.293098
157,0.954358,10.0,71.216873
157,1.049793,11.0,61.127547
157,1.145229,12.0,49.279465
157,1.240665,13.0,35.847539
157,1.336101,14.0,18.63456
157,1.431537,15.0,8.658531
157,1.526972,16.0,8.695383
157,1.622408,17.0,13.905175
157,1.717844,18.0,36.800929
157,1.81328,19.0,70.570962
157,1.908715,20.0,93.470157
157,2.004151,21.0,87.995346
157,2.099587,22.0,79.868614
157,2.195023,23.0,73.077671
157,2.290458,24.0,63.196658
157,2.385894,25.0,48.053556
157,2.48133,26.0,30.580198
157,2.576766,27.0,20.027187
157,2.672202,28.0,14.224356
157,2.767637,29.0,15.54417
157,2.863073,30.0,35.017612
157,2.958509,31.0,66.021233
157,3.053945,32.0,88.941681
157,3.14938,33.0,93.521116
157,3.244816,34.0,83.35284
157,3.340252,35.0,81.317199
157,3.435688,36.0,77.038606
157,3.531123,37.0,60.6628
157,3.626559,38.0,45.477147
157,3.721995,39.0,29.633032
157,3.817431,40.0,20.217361
157,3.912867,41.0,11.220378
157,4.008302,42.0,10.951327
157,4.103738,43.0,21.127455
157,4.199174,44.0,50.783672
157,4.29461,45.0,82.426864
157,4.390045,46.0,94.725631
157,4.485481,47.0,85.747948
157,4.580917,48.0,81.6486
157,4.676353,49.0,73.964936
157,4.771789,50.0,56.82175
157,4.867224,51.0,39.956826
157,4.96266,52.0,26.852111
157,5.058096,53.0,16.975358
157,5.153532,54.0,15.43366
157,5.248967,55.0,21.084807
157,5.344403,56.0,49.447946
157,5.439839,57.0,77.326341
157,5.535275,58.0,86.324975
157,5.63071,59.0,82.006749
157,5.726146,60.0,84.164072
157,5.821582,61.0,84.908213
157,5.917018,62.0,75.91458
157,6.012454,63.0,55.075127
157,6.107889,64.0,39.562074
157,6.203325,65.0,21.708303
157,6.298761,66.0,13.552055
157,6.394197,67.0,12.705916
157,6.489632,68.0,16.324999
157,6.585068,69.0,33.32445
157,6.680504,70.0,53.342298
157,6.77594,71.0,81.442144
157,6.871375,72.0,86.755568
157,6.966811,73.0,85.51476
157,7.062247,74.0,87.484688
157,7.157683,75.0,83.247167
157,7.253119,76.0,67.2243
157,7.348554,77.0,47.524489
157,7.44399,78.0,30.653429
157,7.539426,79.0,16.87456
157,7.634862,80.0,9.539802
157,7.730297,81.0,9.488548
157,7.825733,82.0,17.566491
157,7.921169,83.0,41.637278
157,8.016605,84.0,67.271535
157,8.11204,85.0,76.770447
157,8.207476,86.0,62.592103
157,8.302912,87.0,43.205948
157,8.398348,88.0,16.844653
157,8.493784,89.0,7.973882
157,8.589219,90.0,6.527681
157,8.684655,91.0,6.003239
157,8.780091,92.0,5.324592
157,8.875527,93.0,5.785376
157,8.970962,94.0,5.889778
157,9.066398,95.0,6.367865
157,9.161834,96.0,9.355375
157,9.25727,97.0,12.518017
157,9.352705,98.0,14.52184
157,9.448141,99.0,15.418788
157,9.543577,100.0,16.36
158,0.0,0.0,10.78
158,0.095436,1.0,11.364553
158,0.190872,2.0,13.517968
158,0.286307,3.0,23.285572
158,0.381743,4.0,43.700243
158,0.477179,5.0,71.388127
158,0.572615,6.0,87.460864
158,0.66805,7.0,82.789391
158,0.763486,8.0,70.333599
158,0.858922,9.0,71.183611
158,0.954358,10.0,72.579987
158,1.049793,11.0,62.237475
158,1.145229,12.0,46.889871
158,1.240665,13.0,30.684705
158,1.336101,14.0,21.323353
158,1.431537,15.0,12.274806
158,1.526972,16.0,13.93516
158,1.622408,17.0,19.364357
158,1.717844,18.0,36.749279
158,1.81328,19.0,70.254283
158,1.908715,20.0,93.346006
158,2.004151,21.0,91.530455
158,2.099587,22.0,83.758063
158,2.195023,23.0,82.384675
158,2.290458,24.0,76.950448
158,2.385894,25.0,62.096809
158,2.48133,26.0,44.421581
158,2.576766,27.0,27.94544
158,2.672202,28.0,17.063961
158,2.767637,29.0,14.076652
158,2.863073,30.0,17.20454
158,2.958509,31.0,27.696905
158,3.053945,32.0,54.963245
158,3.14938,33.0,82.473659
158,3.244816,34.0,94.115028
158,3.340252,35.0,82.764836
158,3.435688,36.0,77.918362
158,3.531123,37.0,74.140717
158,3.626559,38.0,60.58456
158,3.721995,39.0,45.606579
158,3.817431,40.0,28.547784
158,3.912867,41.0,16.341305
158,4.008302,42.0,12.429032
158,4.103738,43.0,12.605295
158,4.199174,44.0,26.980193
158,4.29461,45.0,59.646954
158,4.390045,46.0,84.184118
158,4.485481,47.0,91.632505
158,4.580917,48.0,81.883271
158,4.676353,49.0,78.434398
158,4.771789,50.0,78.5402
158,4.867224,51.0,70.779885
158,4.96266,52.0,52.141309
158,5.058096,53.0,35.134975
158,5.153532,54.0,21.259062
158,5.248967,55.0,11.770143
158,5.344403,56.0,10.22836
158,5.439839,57.0,13.834627
158,5.535275,58.0,23.040932
158,5.63071,59.0,53.319715
158,5.726146,60.0,84.499491
158,5.821582,61.0,94.943301
158,5.917018,62.0,85.668933
158,6.012454,63.0,80.986749
158,6.107889,64.0,80.267757
158,6.203325,65.0,70.661562
158,6.298761,66.0,49.103568
158,6.394197,67.0,33.193162
158,6.489632,68.0,23.070024
158,6.585068,69.0,19.821549
158,6.680504,70.0,19.588401
158,6.77594,71.0,23.669911
158,6.871375,72.0,44.404806
158,6.966811,73.0,85.577239
158,7.062247,74.0,97.440444
158,7.157683,75.0,87.395167
158,7.253119,76.0,80.321219
158,7.348554,77.0,76.384155
158,7.44399,78.0,61.840139
158,7.539426,79.0,45.110348
158,7.634862,80.0,27.980856
158,7.730297,81.0,17.161807
158,7.825733,82.0,12.944759
158,7.921169,83.0,15.424718
158,8.016605,84.0,26.296822
158,8.11204,85.0,56.723195
158,8.207476,86.0,85.501965
158,8.302912,87.0,90.587992
158,8.398348,88.0,72.040912
158,8.493784,89.0,27.115773
158,8.589219,90.0,11.829848
158,8.684655,91.0,10.713655
158,8.780091,92.0,9.495517
158,8.875527,93.0,8.307898
158,8.970962,94.0,8.342121
158,9.066398,95.0,8.069742
158,9.161834,96.0,7.954302
158,9.25727,97.0,7.49021
158,9.352705,98.0,7.155698
158,9.448141,99.0,7.314799
158,9.543577,100.0,8.95
159,0.0,0.0,5.67
159,0.095436,1.0,5.961678
159,0.190872,2.0,6.279331
159,0.286307,3.0,7.63066
159,0.381743,4.0,9.779996
159,0.477179,5.0,17.219177
159,0.572615,6.0,30.303099
159,0.66805,7.0,54.150979
159,0.763486,8.0,79.365781
159,0.858922,9.0,87.119658
159,0.954358,10.0,85.881591
159,1.049793,11.0,71.141666
159,1.145229,12.0,70.779114
159,1.240665,13.0,72.160549
159,1.336101,14.0,58.35534
159,1.431537,15.0,47.600216
159,1.526972,16.0,32.463698
159,1.622408,17.0,23.394602
159,1.717844,18.0,16.148568
159,1.81328,19.0,15.598747
159,1.908715,20.0,19.437323
159,2.004151,21.0,41.783155
159,2.099587,22.0,72.267277
159,2.195023,23.0,89.550394
159,2.290458,24.0,89.466956
159,2.385894,25.0,81.494833
159,2.48133,26.0,80.364319
159,2.576766,27.0,69.244427
159,2.672202,28.0,57.889055
159,2.767637,29.0,40.839614
159,2.863073,30.0,25.758475
159,2.958509,31.0,16.947111
159,3.053945,32.0,14.25533
159,3.14938,33.0,19.996006
159,3.244816,34.0,42.76679
159,3.340252,35.0,70.834773
159,3.435688,36.0,92.48403
159,3.531123,37.0,91.846681
159,3.626559,38.0,84.747003
159,3.721995,39.0,81.141111
159,3.817431,40.0,71.855214
159,3.912867,41.0,56.26117
159,4.008302,42.0,42.600209
159,4.103738,43.0,24.424776
159,4.199174,44.0,17.066017
159,4.29461,45.0,14.84728
159,4.390045,46.0,15.245078
159,4.485481,47.0,25.286915
159,4.580917,48.0,48.055418
159,4.676353,49.0,81.351835
159,4.771789,50.0,92.4148
159,4.867224,51.0,88.063047
159,4.96266,52.0,79.946719
159,5.058096,53.0,77.396265
159,5.153532,54.0,65.387236
159,5.248967,55.0,51.887304
159,5.344403,56.0,31.244566
159,5.439839,57.0,20.63502
159,5.535275,58.0,14.294249
159,5.63071,59.0,15.795237
159,5.726146,60.0,28.115027
159,5.821582,61.0,56.775498
159,5.917018,62.0,86.718932
159,6.012454,63.0,92.1209
159,6.107889,64.0,83.996362
159,6.203325,65.0,79.35894
159,6.298761,66.0,72.170785
159,6.394197,67.0,51.634832
159,6.489632,68.0,37.835526
159,6.585068,69.0,24.736953
159,6.680504,70.0,18.511602
159,6.77594,71.0,15.50035
159,6.871375,72.0,21.862402
159,6.966811,73.0,47.30258
159,7.062247,74.0,80.053165
159,7.157683,75.0,92.444457
159,7.253119,76.0,87.83384
159,7.348554,77.0,78.138139
159,7.44399,78.0,77.792321
159,7.539426,79.0,69.835251
159,7.634862,80.0,51.504025
159,7.730297,81.0,36.957114
159,7.825733,82.0,23.347502
159,7.921169,83.0,17.763029
159,8.016605,84.0,15.034321
159,8.11204,85.0,18.779306
159,8.207476,86.0,42.416219
159,8.302912,87.0,73.687586
159,8.398348,88.0,86.705848
159,8.493784,89.0,76.070502
159,8.589219,90.0,52.807795
159,8.684655,91.0,16.710778
159,8.780091,92.0,13.070253
159,8.875527,93.0,11.49162
159,8.970962,94.0,8.327382
159,9.066398,95.0,9.554916
159,9.161834,96.0,9.996905
159,9.25727,97.0,10.2602
159,9.352705,98.0,10.708288
159,9.448141,99.0,10.65132
159,9.543577,100.0,10.39
160,0.0,0.0,18.26
160,0.095436,1.0,28.486384
160,0.190872,2.0,42.952561
160,0.286307,3.0,68.813109
160,0.381743,4.0,91.234658
160,0.477179,5.0,93.052338
160,0.572615,6.0,82.288556
160,0.66805,7.0,77.843178
160,0.763486,8.0,81.610758
160,0.858922,9.0,81.078797
160,0.954358,10.0,73.242179
160,1.049793,11.0,60.707079
160,1.145229,12.0,42.516988
160,1.240665,13.0,28.009959
160,1.336101,14.0,17.276641
160,1.431537,15.0,13.607126
160,1.526972,16.0,13.684641
160,1.622408,17.0,18.494319
160,1.717844,18.0,28.725261
160,1.81328,19.0,74.22092
160,1.908715,20.0,102.096366
160,2.004151,21.0,100.145843
160,2.099587,22.0,87.560885
160,2.195023,23.0,82.381795
160,2.290458,24.0,75.585604
160,2.385894,25.0,58.865
160,2.48133,26.0,47.271495
160,2.576766,27.0,32.10369
160,2.672202,28.0,24.297826
160,2.767637,29.0,21.105467
160,2.863073,30.0,22.776092
160,2.958509,31.0,37.921307
160,3.053945,32.0,61.807118
160,3.14938,33.0,87.239687
160,3.244816,34.0,91.051397
160,3.340252,35.0,82.011389
160,3.435688,36.0,77.843834
160,3.531123,37.0,79.178548
160,3.626559,38.0,70.579862
160,3.721995,39.0,53.633158
160,3.817431,40.0,35.981808
160,3.912867,41.0,25.026683
160,4.008302,42.0,16.984147
160,4.103738,43.0,18.135256
160,4.199174,44.0,24.246915
160,4.29461,45.0,39.742314
160,4.390045,46.0,80.79015
160,4.485481,47.0,98.447653
160,4.580917,48.0,100.157898
160,4.676353,49.0,91.312278
160,4.771789,50.0,85.427885
160,4.867224,51.0,82.511158
160,4.96266,52.0,67.282256
160,5.058096,53.0,50.939306
160,5.153532,54.0,31.215611
160,5.248967,55.0,21.937218
160,5.344403,56.0,19.884071
160,5.439839,57.0,22.760229
160,5.535275,58.0,31.707004
160,5.63071,59.0,64.030132
160,5.726146,60.0,92.189183
160,5.821582,61.0,102.711851
160,5.917018,62.0,96.332365
160,6.012454,63.0,88.18836
160,6.107889,64.0,89.59244
160,6.203325,65.0,77.454274
160,6.298761,66.0,64.074187
160,6.394197,67.0,46.967546
160,6.489632,68.0,37.080714
160,6.585068,69.0,27.269874
160,6.680504,70.0,26.938049
160,6.77594,71.0,34.281695
160,6.871375,72.0,52.183512
160,6.966811,73.0,92.308478
160,7.062247,74.0,105.240111
160,7.157683,75.0,96.591844
160,7.253119,76.0,85.142798
160,7.348554,77.0,83.639879
160,7.44399,78.0,74.207213
160,7.539426,79.0,60.013889
160,7.634862,80.0,49.677881
160,7.730297,81.0,31.48938
160,7.825733,82.0,20.345275
160,7.921169,83.0,17.364417
160,8.016605,84.0,21.174387
160,8.11204,85.0,33.689521
160,8.207476,86.0,73.561424
160,8.302912,87.0,88.849978
160,8.398348,88.0,92.899738
160,8.493784,89.0,78.2771
160,8.589219,90.0,39.77358
160,8.684655,91.0,19.787069
160,8.780091,92.0,16.592422
160,8.875527,93.0,13.964363
160,8.970962,94.0,13.046117
160,9.066398,95.0,12.125709
160,9.161834,96.0,11.495536
160,9.25727,97.0,11.512161
160,9.352705,98.0,11.987353
160,9.448141,99.0,12.047511
160,9.543577,100.0,12.0
161,0.0,0.0,6.45
161,0.095436,1.0,6.745725
161,0.190872,2.0,7.091499
161,0.286307,3.0,7.981662
161,0.381743,4.0,9.093455
161,0.477179,5.0,12.519931
161,0.572615,6.0,25.802109
161,0.66805,7.0,44.051683
161,0.763486,8.0,73.480543
161,0.858922,9.0,88.78966
161,0.954358,10.0,92.271639
161,1.049793,11.0,81.094493
161,1.145229,12.0,71.005465
161,1.240665,13.0,71.63
161,1.336101,14.0,65.443775
161,1.431537,15.0,54.539323
161,1.526972,16.0,43.399598
161,1.622408,17.0,31.567531
161,1.717844,18.0,18.466836
161,1.81328,19.0,11.034413
161,1.908715,20.0,9.684853
161,2.004151,21.0,18.352835
161,2.099587,22.0,42.856554
161,2.195023,23.0,66.298359
161,2.290458,24.0,92.72595
161,2.385894,25.0,99.2456
161,2.48133,26.0,87.715948
161,2.576766,27.0,78.432877
161,2.672202,28.0,74.736151
161,2.767637,29.0,62.098239
161,2.863073,30.0,53.691354
161,2.958509,31.0,34.587042
161,3.053945,32.0,25.462115
161,3.14938,33.0,13.018787
161,3.244816,34.0,9.088342
161,3.340252,35.0,15.140032
161,3.435688,36.0,37.439758
161,3.531123,37.0,67.890603
161,3.626559,38.0,92.671468
161,3.721995,39.0,97.853036
161,3.817431,40.0,87.356249
161,3.912867,41.0,78.664153
161,4.008302,42.0,68.284829
161,4.103738,43.0,54.865662
161,4.199174,44.0,46.830373
161,4.29461,45.0,26.283449
161,4.390045,46.0,16.605215
161,4.485481,47.0,12.667533
161,4.580917,48.0,13.256791
161,4.676353,49.0,19.843975
161,4.771789,50.0,38.945933
161,4.867224,51.0,67.331355
161,4.96266,52.0,88.53286
161,5.058096,53.0,88.140577
161,5.153532,54.0,81.706308
161,5.248967,55.0,81.1829
161,5.344403,56.0,72.248394
161,5.439839,57.0,58.760719
161,5.535275,58.0,43.440459
161,5.63071,59.0,28.297877
161,5.726146,60.0,21.304583
161,5.821582,61.0,16.401559
161,5.917018,62.0,16.597716
161,6.012454,63.0,26.448569
161,6.107889,64.0,52.054284
161,6.203325,65.0,85.468464
161,6.298761,66.0,95.790706
161,6.394197,67.0,92.410689
161,6.489632,68.0,81.756566
161,6.585068,69.0,78.62297
161,6.680504,70.0,66.079816
161,6.77594,71.0,55.82757
161,6.871375,72.0,41.21091
161,6.966811,73.0,28.046537
161,7.062247,74.0,20.749879
161,7.157683,75.0,17.204917
161,7.253119,76.0,20.210247
161,7.348554,77.0,47.934555
161,7.44399,78.0,72.82119
161,7.539426,79.0,89.244333
161,7.634862,80.0,88.728714
161,7.730297,81.0,82.154061
161,7.825733,82.0,79.37352
161,7.921169,83.0,71.475957
161,8.016605,84.0,52.277303
161,8.11204,85.0,39.975072
161,8.207476,86.0,22.928068
161,8.302912,87.0,13.449154
161,8.398348,88.0,8.463234
161,8.493784,89.0,10.996864
161,8.589219,90.0,16.562991
161,8.684655,91.0,47.55702
161,8.780091,92.0,71.179048
161,8.875527,93.0,88.869781
161,8.970962,94.0,79.575888
161,9.066398,95.0,56.676919
161,9.161834,96.0,28.897428
161,9.25727,97.0,20.208086
161,9.352705,98.0,16.683774
161,9.448141,99.0,12.493313
161,9.543577,100.0,9.51
162,0.0,0.0,2.67
162,0.095436,1.0,4.539526
162,0.190872,2.0,8.223611
162,0.286307,3.0,21.620162
162,0.381743,4.0,34.936016
162,0.477179,5.0,57.40495
162,0.572615,6.0,81.807714
162,0.66805,7.0,92.93492
162,0.763486,8.0,89.049979
162,0.858922,9.0,81.576951
162,0.954358,10.0,75.366686
162,1.049793,11.0,75.467253
162,1.145229,12.0,65.540961
162,1.240665,13.0,52.962967
162,1.336101,14.0,35.802589
162,1.431537,15.0,21.821492
162,1.526972,16.0,8.825201
162,1.622408,17.0,5.234592
162,1.717844,18.0,12.664391
162,1.81328,19.0,23.276267
162,1.908715,20.0,70.288578
162,2.004151,21.0,90.242518
162,2.099587,22.0,97.811859
162,2.195023,23.0,89.583709
162,2.290458,24.0,79.817361
162,2.385894,25.0,77.6986
162,2.48133,26.0,65.424742
162,2.576766,27.0,51.468742
162,2.672202,28.0,35.465852
162,2.767637,29.0,18.804059
162,2.863073,30.0,7.722807
162,2.958509,31.0,7.320629
162,3.053945,32.0,9.704102
162,3.14938,33.0,36.315374
162,3.244816,34.0,67.257871
162,3.340252,35.0,99.272845
162,3.435688,36.0,102.237411
162,3.531123,37.0,87.855985
162,3.626559,38.0,79.098168
162,3.721995,39.0,69.00155
162,3.817431,40.0,58.397696
162,3.912867,41.0,37.981902
162,4.008302,42.0,24.72674
162,4.103738,43.0,11.094717
162,4.199174,44.0,7.054269
162,4.29461,45.0,11.592989
162,4.390045,46.0,23.705095
162,4.485481,47.0,54.753555
162,4.580917,48.0,86.940698
162,4.676353,49.0,100.988548
162,4.771789,50.0,87.069389
162,4.867224,51.0,76.5443
162,4.96266,52.0,67.816371
162,5.058096,53.0,57.479199
162,5.153532,54.0,37.096421
162,5.248967,55.0,24.705842
162,5.344403,56.0,10.825275
162,5.439839,57.0,9.211444
162,5.535275,58.0,18.246538
162,5.63071,59.0,37.458204
162,5.726146,60.0,83.283425
162,5.821582,61.0,95.714478
162,5.917018,62.0,93.51757
162,6.012454,63.0,81.750629
162,6.107889,64.0,68.756267
162,6.203325,65.0,55.554615
162,6.298761,66.0,38.321339
162,6.394197,67.0,22.881423
162,6.489632,68.0,12.148863
162,6.585068,69.0,7.369013
162,6.680504,70.0,11.44241
162,6.77594,71.0,42.117952
162,6.871375,72.0,74.088324
162,6.966811,73.0,92.912444
162,7.062247,74.0,90.415806
162,7.157683,75.0,80.668689
162,7.253119,76.0,77.651077
162,7.348554,77.0,61.020522
162,7.44399,78.0,49.362279
162,7.539426,79.0,29.214074
162,7.634862,80.0,16.732405
162,7.730297,81.0,9.267192
162,7.825733,82.0,9.370175
162,7.921169,83.0,16.075665
162,8.016605,84.0,36.576492
162,8.11204,85.0,62.570662
162,8.207476,86.0,85.491313
162,8.302912,87.0,91.519325
162,8.398348,88.0,71.980456
162,8.493784,89.0,41.694012
162,8.589219,90.0,23.489876
162,8.684655,91.0,14.498652
162,8.780091,92.0,9.026411
162,8.875527,93.0,7.881077
162,8.970962,94.0,5.744816
162,9.066398,95.0,5.352956
162,9.161834,96.0,5.232507
162,9.25727,97.0,5.331017
162,9.352705,98.0,5.748747
162,9.448141,99.0,5.53198
162,9.543577,100.0,5.52
163,0.0,0.0,1.95
163,0.095436,1.0,2.50277
163,0.190872,2.0,2.688121
163,0.286307,3.0,6.580041
163,0.381743,4.0,26.366804
163,0.477179,5.0,57.592624
163,0.572615,6.0,77.967889
163,0.66805,7.0,80.754729
163,0.763486,8.0,72.335205
163,0.858922,9.0,66.947237
163,0.954358,10.0,68.449217
163,1.049793,11.0,65.089248
163,1.145229,12.0,55.790099
163,1.240665,13.0,44.811153
163,1.336101,14.0,28.924966
163,1.431537,15.0,14.165705
163,1.526972,16.0,7.342325
163,1.622408,17.0,8.901381
163,1.717844,18.0,18.406319
163,1.81328,19.0,48.214656
163,1.908715,20.0,87.837631
163,2.004151,21.0,96.323647
163,2.099587,22.0,82.78809
163,2.195023,23.0,76.594115
163,2.290458,24.0,73.762169
163,2.385894,25.0,63.413
163,2.48133,26.0,46.433739
163,2.576766,27.0,32.675221
163,2.672202,28.0,20.506159
163,2.767637,29.0,13.818596
163,2.863073,30.0,14.637376
163,2.958509,31.0,18.553697
163,3.053945,32.0,29.177418
163,3.14938,33.0,71.874511
163,3.244816,34.0,104.344104
163,3.340252,35.0,94.311105
163,3.435688,36.0,79.080687
163,3.531123,37.0,71.167918
163,3.626559,38.0,63.42123
163,3.721995,39.0,45.713191
163,3.817431,40.0,37.504492
163,3.912867,41.0,17.812161
163,4.008302,42.0,9.647915
163,4.103738,43.0,11.453281
163,4.199174,44.0,20.914969
163,4.29461,45.0,59.300447
163,4.390045,46.0,82.12459
163,4.485481,47.0,94.037672
163,4.580917,48.0,83.833268
163,4.676353,49.0,77.274187
163,4.771789,50.0,71.822542
163,4.867224,51.0,60.533568
163,4.96266,52.0,47.985319
163,5.058096,53.0,32.113345
163,5.153532,54.0,16.671804
163,5.248967,55.0,7.351707
163,5.344403,56.0,5.901766
163,5.439839,57.0,11.395899
163,5.535275,58.0,34.252423
163,5.63071,59.0,59.607132
163,5.726146,60.0,89.316004
163,5.821582,61.0,91.075902
163,5.917018,62.0,80.806234
163,6.012454,63.0,77.243862
163,6.107889,64.0,66.046023
163,6.203325,65.0,52.528282
163,6.298761,66.0,30.042675
163,6.394197,67.0,19.501425
163,6.489632,68.0,8.892628
163,6.585068,69.0,7.61287
163,6.680504,70.0,12.326021
163,6.77594,71.0,31.644791
163,6.871375,72.0,66.641553
163,6.966811,73.0,86.709296
163,7.062247,74.0,90.828849
163,7.157683,75.0,81.626967
163,7.253119,76.0,78.456321
163,7.348554,77.0,68.894909
163,7.44399,78.0,56.645274
163,7.539426,79.0,38.587971
163,7.634862,80.0,21.676417
163,7.730297,81.0,9.258019
163,7.825733,82.0,8.622157
163,7.921169,83.0,10.894649
163,8.016605,84.0,15.889366
163,8.11204,85.0,46.711655
163,8.207476,86.0,67.256809
163,8.302912,87.0,94.950599
163,8.398348,88.0,85.858037
163,8.493784,89.0,55.274934
163,8.589219,90.0,28.867786
163,8.684655,91.0,2.66453
163,8.780091,92.0,0.851089
163,8.875527,93.0,0.316589
163,8.970962,94.0,0.933844
163,9.066398,95.0,0.528583
163,9.161834,96.0,0.552853
163,9.25727,97.0,0.876823
163,9.352705,98.0,1.156834
163,9.448141,99.0,2.004984
163,9.543577,100.0,3.43
164,0.0,0.0,6.63
164,0.095436,1.0,6.67972
164,0.190872,2.0,7.240017
164,0.286307,3.0,9.598126
164,0.381743,4.0,24.948236
164,0.477179,5.0,54.657101
164,0.572615,6.0,79.032394
164,0.66805,7.0,90.416864
164,0.763486,8.0,85.882012
164,0.858922,9.0,75.987029
164,0.954358,10.0,71.368715
164,1.049793,11.0,69.187325
164,1.145229,12.0,61.173588
164,1.240665,13.0,46.64223
164,1.336101,14.0,34.472346
164,1.431537,15.0,19.507991
164,1.526972,16.0,13.479681
164,1.622408,17.0,9.266426
164,1.717844,18.0,13.645123
164,1.81328,19.0,30.185894
164,1.908715,20.0,61.456116
164,2.004151,21.0,89.476659
164,2.099587,22.0,92.891829
164,2.195023,23.0,79.681369
164,2.290458,24.0,75.66713
164,2.385894,25.0,70.733111
164,2.48133,26.0,59.768177
164,2.576766,27.0,40.161204
164,2.672202,28.0,26.641007
164,2.767637,29.0,12.000859
164,2.863073,30.0,11.030998
164,2.958509,31.0,17.517879
164,3.053945,32.0,27.947989
164,3.14938,33.0,67.843914
164,3.244816,34.0,92.435643
164,3.340252,35.0,93.613754
164,3.435688,36.0,81.776122
164,3.531123,37.0,79.633444
164,3.626559,38.0,72.82328
164,3.721995,39.0,53.156653
164,3.817431,40.0,38.924149
164,3.912867,41.0,27.506675
164,4.008302,42.0,16.959345
164,4.103738,43.0,19.282049
164,4.199174,44.0,30.140128
164,4.29461,45.0,55.272904
164,4.390045,46.0,88.931203
164,4.485481,47.0,93.431817
164,4.580917,48.0,84.945238
164,4.676353,49.0,77.919709
164,4.771789,50.0,67.565111
164,4.867224,51.0,54.831282
164,4.96266,52.0,37.201163
164,5.058096,53.0,23.540496
164,5.153532,54.0,12.462801
164,5.248967,55.0,13.851553
164,5.344403,56.0,27.915275
164,5.439839,57.0,57.850713
164,5.535275,58.0,92.214722
164,5.63071,59.0,97.828533
164,5.726146,60.0,83.748648
164,5.821582,61.0,77.882137
164,5.917018,62.0,70.064819
164,6.012454,63.0,59.65359
164,6.107889,64.0,40.207959
164,6.203325,65.0,28.601216
164,6.298761,66.0,13.749722
164,6.394197,67.0,11.932793
164,6.489632,68.0,20.681038
164,6.585068,69.0,40.225458
164,6.680504,70.0,76.938727
164,6.77594,71.0,93.018156
164,6.871375,72.0,88.53697
164,6.966811,73.0,77.928639
164,7.062247,74.0,76.387546
164,7.157683,75.0,70.939153
164,7.253119,76.0,55.920242
164,7.348554,77.0,37.798193
164,7.44399,78.0,21.126793
164,7.539426,79.0,13.616123
164,7.634862,80.0,14.630176
164,7.730297,81.0,18.501148
164,7.825733,82.0,32.369355
164,7.921169,83.0,64.545982
164,8.016605,84.0,88.56627
164,8.11204,85.0,90.804061
164,8.207476,86.0,77.564708
164,8.302912,87.0,39.566621
164,8.398348,88.0,12.351686
164,8.493784,89.0,7.597007
164,8.589219,90.0,9.330929
164,8.684655,91.0,7.968646
164,8.780091,92.0,8.107385
164,8.875527,93.0,9.832335
164,8.970962,94.0,10.563974
164,9.066398,95.0,11.702328
164,9.161834,96.0,13.139913
164,9.25727,97.0,18.054414
164,9.352705,98.0,21.997478
164,9.448141,99.0,23.976327
164,9.543577,100.0,25.51
165,0.0,0.0,9.12
165,0.095436,1.0,9.487413
165,0.190872,2.0,10.185852
165,0.286307,3.0,12.519776
165,0.381743,4.0,23.09986
165,0.477179,5.0,40.806646
165,0.572615,6.0,70.468875
165,0.66805,7.0,93.41624
165,0.763486,8.0,94.550511
165,0.858922,9.0,86.766669
165,0.954358,10.0,73.252592
165,1.049793,11.0,73.156654
165,1.145229,12.0,71.289032
165,1.240665,13.0,61.733667
165,1.336101,14.0,46.68741
165,1.431537,15.0,33.589721
165,1.526972,16.0,22.623601
165,1.622408,17.0,13.956558
165,1.717844,18.0,14.119234
165,1.81328,19.0,22.813927
165,1.908715,20.0,37.423164
165,2.004151,21.0,79.182518
165,2.099587,22.0,98.92451
165,2.195023,23.0,90.003275
165,2.290458,24.0,77.296891
165,2.385894,25.0,71.86325
165,2.48133,26.0,61.30241
165,2.576766,27.0,46.690799
165,2.672202,28.0,31.911132
165,2.767637,29.0,20.573394
165,2.863073,30.0,15.915281
165,2.958509,31.0,15.015722
165,3.053945,32.0,25.968997
165,3.14938,33.0,50.757611
165,3.244816,34.0,83.997
165,3.340252,35.0,99.121232
165,3.435688,36.0,93.118982
165,3.531123,37.0,79.080471
165,3.626559,38.0,72.595189
165,3.721995,39.0,63.066693
165,3.817431,40.0,47.366871
165,3.912867,41.0,33.111681
165,4.008302,42.0,20.08939
165,4.103738,43.0,14.25774
165,4.199174,44.0,14.858877
165,4.29461,45.0,23.7566
165,4.390045,46.0,51.209137
165,4.485481,47.0,81.61058
165,4.580917,48.0,91.709158
165,4.676353,49.0,86.151015
165,4.771789,50.0,81.06931
165,4.867224,51.0,75.292622
165,4.96266,52.0,64.879676
165,5.058096,53.0,42.8159
165,5.153532,54.0,30.240172
165,5.248967,55.0,14.496025
165,5.344403,56.0,12.870136
165,5.439839,57.0,13.444515
165,5.535275,58.0,29.751233
165,5.63071,59.0,57.991517
165,5.726146,60.0,92.887453
165,5.821582,61.0,100.228294
165,5.917018,62.0,86.066611
165,6.012454,63.0,77.195378
165,6.107889,64.0,73.387914
165,6.203325,65.0,60.053685
165,6.298761,66.0,41.587964
165,6.394197,67.0,27.428417
165,6.489632,68.0,15.662669
165,6.585068,69.0,11.524719
165,6.680504,70.0,14.70313
165,6.77594,71.0,33.812885
165,6.871375,72.0,61.746821
165,6.966811,73.0,90.677167
165,7.062247,74.0,97.166234
165,7.157683,75.0,82.133115
165,7.253119,76.0,74.488564
165,7.348554,77.0,67.548543
165,7.44399,78.0,55.342694
165,7.539426,79.0,42.971393
165,7.634862,80.0,25.705765
165,7.730297,81.0,12.486039
165,7.825733,82.0,7.91016
165,7.921169,83.0,10.023492
165,8.016605,84.0,18.615217
165,8.11204,85.0,46.11118
165,8.207476,86.0,80.552128
165,8.302912,87.0,99.817132
165,8.398348,88.0,100.2374
165,8.493784,89.0,85.844451
165,8.589219,90.0,17.274222
165,8.684655,91.0,7.10896
165,8.780091,92.0,5.994543
165,8.875527,93.0,5.183973
165,8.970962,94.0,4.018134
165,9.066398,95.0,4.309734
165,9.161834,96.0,4.52355
165,9.25727,97.0,4.858134
165,9.352705,98.0,6.450778
165,9.448141,99.0,8.645776
165,9.543577,100.0,11.76
166,0.0,0.0,14.67
166,0.095436,1.0,25.013511
166,0.190872,2.0,45.69968
166,0.286307,3.0,56.940574
166,0.381743,4.0,61.901251
166,0.477179,5.0,61.4472
166,0.572615,6.0,54.141438
166,0.66805,7.0,48.013948
166,0.763486,8.0,47.41036
166,0.858922,9.0,49.16556
166,0.954358,10.0,44.324456
166,1.049793,11.0,36.366988
166,1.145229,12.0,25.549335
166,1.240665,13.0,15.518901
166,1.336101,14.0,10.551789
166,1.431537,15.0,7.085572
166,1.526972,16.0,5.660747
166,1.622408,17.0,5.627197
166,1.717844,18.0,12.589757
166,1.81328,19.0,34.128912
166,1.908715,20.0,64.197841
166,2.004151,21.0,86.309146
166,2.099587,22.0,90.555872
166,2.195023,23.0,79.88884
166,2.290458,24.0,68.312153
166,2.385894,25.0,65.37795
166,2.48133,26.0,54.562327
166,2.576766,27.0,42.14315
166,2.672202,28.0,26.371081
166,2.767637,29.0,15.363286
166,2.863073,30.0,5.073673
166,2.958509,31.0,2.354469
166,3.053945,32.0,4.058153
166,3.14938,33.0,20.579758
166,3.244816,34.0,60.394016
166,3.340252,35.0,84.403078
166,3.435688,36.0,85.524059
166,3.531123,37.0,67.287655
166,3.626559,38.0,58.017498
166,3.721995,39.0,47.11934
166,3.817431,40.0,34.038288
166,3.912867,41.0,21.574414
166,4.008302,42.0,11.734945
166,4.103738,43.0,6.228662
166,4.199174,44.0,6.970201
166,4.29461,45.0,14.961116
166,4.390045,46.0,35.818185
166,4.485481,47.0,70.078688
166,4.580917,48.0,86.294004
166,4.676353,49.0,77.186101
166,4.771789,50.0,69.149667
166,4.867224,51.0,64.588232
166,4.96266,52.0,50.002687
166,5.058096,53.0,34.749792
166,5.153532,54.0,19.455643
166,5.248967,55.0,10.625811
166,5.344403,56.0,7.692255
166,5.439839,57.0,21.016076
166,5.535275,58.0,58.373133
166,5.63071,59.0,81.136752
166,5.726146,60.0,78.830996
166,5.821582,61.0,67.179748
166,5.917018,62.0,59.533661
166,6.012454,63.0,45.779634
166,6.107889,64.0,31.780622
166,6.203325,65.0,17.901319
166,6.298761,66.0,8.60218
166,6.394197,67.0,4.596523
166,6.489632,68.0,4.480954
166,6.585068,69.0,6.101727
166,6.680504,70.0,18.306793
166,6.77594,71.0,49.809658
166,6.871375,72.0,75.560071
166,6.966811,73.0,80.303863
166,7.062247,74.0,69.048927
166,7.157683,75.0,62.272083
166,7.253119,76.0,57.000178
166,7.348554,77.0,46.056262
166,7.44399,78.0,36.402701
166,7.539426,79.0,26.115335
166,7.634862,80.0,15.035208
166,7.730297,81.0,10.375546
166,7.825733,82.0,19.14987
166,7.921169,83.0,46.290578
166,8.016605,84.0,66.488144
166,8.11204,85.0,72.451211
166,8.207476,86.0,62.991246
166,8.302912,87.0,31.704649
166,8.398348,88.0,5.071827
166,8.493784,89.0,1.195773
166,8.589219,90.0,1.425293
166,8.684655,91.0,2.172434
166,8.780091,92.0,1.879787
166,8.875527,93.0,0.823734
166,8.970962,94.0,0.318027
166,9.066398,95.0,0.621025
166,9.161834,96.0,1.022022
166,9.25727,97.0,2.883578
166,9.352705,98.0,5.364515
166,9.448141,99.0,8.196579
166,9.543577,100.0,12.02
167,0.0,0.0,13.0
167,0.095436,1.0,29.13184
167,0.190872,2.0,53.516175
167,0.286307,3.0,75.783352
167,0.381743,4.0,83.98765
167,0.477179,5.0,84.956125
167,0.572615,6.0,73.087914
167,0.66805,7.0,73.423132
167,0.763486,8.0,70.655195
167,0.858922,9.0,60.936144
167,0.954358,10.0,45.89
167,1.049793,11.0,31.602884
167,1.145229,12.0,19.455366
167,1.240665,13.0,11.484846
167,1.336101,14.0,9.4396
167,1.431537,15.0,12.138
167,1.526972,16.0,15.335393
167,1.622408,17.0,42.087094
167,1.717844,18.0,75.067218
167,1.81328,19.0,86.98595
167,1.908715,20.0,81.534737
167,2.004151,21.0,79.17735
167,2.099587,22.0,80.784132
167,2.195023,23.0,74.881558
167,2.290458,24.0,58.607993
167,2.385894,25.0,42.523
167,2.48133,26.0,26.218847
167,2.576766,27.0,11.127874
167,2.672202,28.0,8.188402
167,2.767637,29.0,10.301347
167,2.863073,30.0,20.690426
167,2.958509,31.0,44.858253
167,3.053945,32.0,80.66434
167,3.14938,33.0,93.850249
167,3.244816,34.0,82.306258
167,3.340252,35.0,76.939231
167,3.435688,36.0,73.482004
167,3.531123,37.0,54.001865
167,3.626559,38.0,33.388252
167,3.721995,39.0,19.312545
167,3.817431,40.0,9.396
167,3.912867,41.0,7.577194
167,4.008302,42.0,8.816657
167,4.103738,43.0,16.187928
167,4.199174,44.0,42.944114
167,4.29461,45.0,70.32
167,4.390045,46.0,83.748998
167,4.485481,47.0,80.501965
167,4.580917,48.0,74.842719
167,4.676353,49.0,72.491399
167,4.771789,50.0,66.477826
167,4.867224,51.0,54.626711
167,4.96266,52.0,41.521931
167,5.058096,53.0,29.34006
167,5.153532,54.0,15.964618
167,5.248967,55.0,11.045902
167,5.344403,56.0,8.981602
167,5.439839,57.0,7.815201
167,5.535275,58.0,16.658508
167,5.63071,59.0,57.484959
167,5.726146,60.0,83.9004
167,5.821582,61.0,88.059064
167,5.917018,62.0,80.789344
167,6.012454,63.0,74.724361
167,6.107889,64.0,68.907728
167,6.203325,65.0,52.50425
167,6.298761,66.0,35.984776
167,6.394197,67.0,20.187512
167,6.489632,68.0,12.820967
167,6.585068,69.0,11.526577
167,6.680504,70.0,13.642
167,6.77594,71.0,16.561835
167,6.871375,72.0,42.372327
167,6.966811,73.0,76.918512
167,7.062247,74.0,89.308006
167,7.157683,75.0,74.694888
167,7.253119,76.0,68.469131
167,7.348554,77.0,61.69851
167,7.44399,78.0,45.700662
167,7.539426,79.0,30.296794
167,7.634862,80.0,15.202
167,7.730297,81.0,4.696003
167,7.825733,82.0,2.692538
167,7.921169,83.0,3.83344
167,8.016605,84.0,4.2722
167,8.11204,85.0,6.939478
167,8.207476,86.0,14.751978
167,8.302912,87.0,65.712794
167,8.398348,88.0,80.28801
167,8.493784,89.0,74.842352
167,8.589219,90.0,39.893111
167,8.684655,91.0,20.238242
167,8.780091,92.0,7.203362
167,8.875527,93.0,4.598323
167,8.970962,94.0,3.083704
167,9.066398,95.0,1.453778
167,9.161834,96.0,1.455547
167,9.25727,97.0,2.253473
167,9.352705,98.0,2.8356
167,9.448141,99.0,2.72772
167,9.543577,100.0,2.72
168,0.0,0.0,12.28
168,0.095436,1.0,25.179309
168,0.190872,2.0,42.731518
168,0.286307,3.0,58.924936
168,0.381743,4.0,64.881635
168,0.477179,5.0,63.390551
168,0.572615,6.0,60.521253
168,0.66805,7.0,61.177671
168,0.763486,8.0,65.285505
168,0.858922,9.0,67.093093
168,0.954358,10.0,58.517924
168,1.049793,11.0,47.249648
168,1.145229,12.0,30.131397
168,1.240665,13.0,19.658802
168,1.336101,14.0,13.37305
168,1.431537,15.0,14.338784
168,1.526972,16.0,15.498578
168,1.622408,17.0,28.08835
168,1.717844,18.0,60.216794
168,1.81328,19.0,90.494005
168,1.908715,20.0,93.425997
168,2.004151,21.0,83.613829
168,2.099587,22.0,80.947428
168,2.195023,23.0,76.496605
168,2.290458,24.0,59.92293
168,2.385894,25.0,42.69
168,2.48133,26.0,28.941147
168,2.576766,27.0,20.401962
168,2.672202,28.0,14.14783
168,2.767637,29.0,15.166032
168,2.863073,30.0,23.067727
168,2.958509,31.0,62.265705
168,3.053945,32.0,86.473322
168,3.14938,33.0,93.388207
168,3.244816,34.0,81.65076
168,3.340252,35.0,77.150197
168,3.435688,36.0,76.028829
168,3.531123,37.0,58.152485
168,3.626559,38.0,45.392826
168,3.721995,39.0,30.093216
168,3.817431,40.0,20.243592
168,3.912867,41.0,13.913411
168,4.008302,42.0,13.861385
168,4.103738,43.0,21.175045
168,4.199174,44.0,50.084005
168,4.29461,45.0,76.193189
168,4.390045,46.0,94.639528
168,4.485481,47.0,87.404771
168,4.580917,48.0,81.34895
168,4.676353,49.0,73.490174
168,4.771789,50.0,56.725227
168,4.867224,51.0,40.407993
168,4.96266,52.0,23.723259
168,5.058096,53.0,15.352089
168,5.153532,54.0,14.366033
168,5.248967,55.0,17.811545
168,5.344403,56.0,38.908209
168,5.439839,57.0,71.360794
168,5.535275,58.0,88.749864
168,5.63071,59.0,91.216139
168,5.726146,60.0,77.673359
168,5.821582,61.0,68.412423
168,5.917018,62.0,53.269084
168,6.012454,63.0,34.759877
168,6.107889,64.0,21.722515
168,6.203325,65.0,15.038704
168,6.298761,66.0,13.917078
168,6.394197,67.0,22.271249
168,6.489632,68.0,54.676996
168,6.585068,69.0,85.956583
168,6.680504,70.0,95.550699
168,6.77594,71.0,85.979036
168,6.871375,72.0,84.744897
168,6.966811,73.0,84.559437
168,7.062247,74.0,66.357275
168,7.157683,75.0,47.905608
168,7.253119,76.0,31.241714
168,7.348554,77.0,20.437002
168,7.44399,78.0,17.386994
168,7.539426,79.0,16.586415
168,7.634862,80.0,26.120193
168,7.730297,81.0,55.482086
168,7.825733,82.0,84.364361
168,7.921169,83.0,88.193551
168,8.016605,84.0,64.628147
168,8.11204,85.0,20.056843
168,8.207476,86.0,6.29465
168,8.302912,87.0,8.172792
168,8.398348,88.0,5.562558
168,8.493784,89.0,6.488267
168,8.589219,90.0,8.277661
168,8.684655,91.0,12.285649
168,8.780091,92.0,15.126993
168,8.875527,93.0,20.96636
168,8.970962,94.0,35.208146
168,9.066398,95.0,55.8544
168,9.161834,96.0,65.610884
168,9.25727,97.0,55.800135
168,9.352705,98.0,36.011498
168,9.448141,99.0,18.12432
168,9.543577,100.0,7.68
169,0.0,0.0,8.37
169,0.095436,1.0,12.897877
169,0.190872,2.0,24.550226
169,0.286307,3.0,43.215844
169,0.381743,4.0,62.416411
169,0.477179,5.0,76.536441
169,0.572615,6.0,79.043054
169,0.66805,7.0,72.613526
169,0.763486,8.0,66.958665
169,0.858922,9.0,68.242775
169,0.954358,10.0,71.364271
169,1.049793,11.0,72.612029
169,1.145229,12.0,66.482205
169,1.240665,13.0,51.950421
169,1.336101,14.0,42.057546
169,1.431537,15.0,26.432816
169,1.526972,16.0,14.589432
169,1.622408,17.0,9.552848
169,1.717844,18.0,10.166091
169,1.81328,19.0,10.703412
169,1.908715,20.0,23.72114
169,2.004151,21.0,61.789479
169,2.099587,22.0,81.596581
169,2.195023,23.0,83.420735
169,2.290458,24.0,76.312561
169,2.385894,25.0,73.143067
169,2.48133,26.0,69.486626
169,2.576766,27.0,52.588531
169,2.672202,28.0,42.356873
169,2.767637,29.0,26.667473
169,2.863073,30.0,12.179418
169,2.958509,31.0,5.8304
169,3.053945,32.0,7.235221
169,3.14938,33.0,18.393197
169,3.244816,34.0,42.151409
169,3.340252,35.0,79.765162
169,3.435688,36.0,90.181718
169,3.531123,37.0,81.3412
169,3.626559,38.0,73.818171
169,3.721995,39.0,70.436286
169,3.817431,40.0,60.779351
169,3.912867,41.0,42.007753
169,4.008302,42.0,30.643412
169,4.103738,43.0,16.455459
169,4.199174,44.0,8.171675
169,4.29461,45.0,10.006064
169,4.390045,46.0,16.958791
169,4.485481,47.0,56.262842
169,4.580917,48.0,78.742758
169,4.676353,49.0,92.663832
169,4.771789,50.0,85.307333
169,4.867224,51.0,75.326533
169,4.96266,52.0,73.223959
169,5.058096,53.0,56.23133
169,5.153532,54.0,47.957757
169,5.248967,55.0,29.508723
169,5.344403,56.0,19.10243
169,5.439839,57.0,13.600958
169,5.535275,58.0,12.640053
169,5.63071,59.0,17.639326
169,5.726146,60.0,43.919792
169,5.821582,61.0,83.956934
169,5.917018,62.0,92.41218
169,6.012454,63.0,74.499398
169,6.107889,64.0,72.69874
169,6.203325,65.0,63.802009
169,6.298761,66.0,54.107643
169,6.394197,67.0,36.893032
169,6.489632,68.0,26.249911
169,6.585068,69.0,15.614245
169,6.680504,70.0,11.812919
169,6.77594,71.0,11.886463
169,6.871375,72.0,18.423908
169,6.966811,73.0,58.025535
169,7.062247,74.0,76.22021
169,7.157683,75.0,85.478043
169,7.253119,76.0,79.57368
169,7.348554,77.0,79.477227
169,7.44399,78.0,74.063737
169,7.539426,79.0,56.96271
169,7.634862,80.0,44.470468
169,7.730297,81.0,28.376627
169,7.825733,82.0,18.485283
169,7.921169,83.0,12.388612
169,8.016605,84.0,11.373824
169,8.11204,85.0,15.105746
169,8.207476,86.0,35.128104
169,8.302912,87.0,65.774875
169,8.398348,88.0,77.509908
169,8.493784,89.0,66.26298
169,8.589219,90.0,34.884402
169,8.684655,91.0,5.612637
169,8.780091,92.0,0.271389
169,8.875527,93.0,2.559658
169,8.970962,94.0,1.03712
169,9.066398,95.0,1.632508
169,9.161834,96.0,2.462528
169,9.25727,97.0,4.093705
169,9.352705,98.0,6.902352
169,9.448141,99.0,8.3232
169,9.543577,100.0,9.37
170,0.0,0.0,20.68
170,0.095436,1.0,40.82317
170,0.190872,2.0,60.365624
170,0.286307,3.0,78.742088
170,0.381743,4.0,86.218612
170,0.477179,5.0,81.502374
170,0.572615,6.0,73.86476
170,0.66805,7.0,74.580574
170,0.763486,8.0,73.59857
170,0.858922,9.0,65.542447
170,0.954358,10.0,50.235661
170,1.049793,11.0,37.055602
170,1.145229,12.0,21.136591
170,1.240665,13.0,10.428019
170,1.336101,14.0,7.055972
170,1.431537,15.0,9.17038
170,1.526972,16.0,16.278657
170,1.622408,17.0,46.463374
170,1.717844,18.0,76.980091
170,1.81328,19.0,95.669596
170,1.908715,20.0,87.005144
170,2.004151,21.0,72.837799
170,2.099587,22.0,68.794178
170,2.195023,23.0,59.122422
170,2.290458,24.0,48.017745
170,2.385894,25.0,37.592095
170,2.48133,26.0,24.616205
170,2.576766,27.0,14.831019
170,2.672202,28.0,10.969583
170,2.767637,29.0,11.19699
170,2.863073,30.0,28.60664
170,2.958509,31.0,63.058724
170,3.053945,32.0,91.431918
170,3.14938,33.0,95.383809
170,3.244816,34.0,87.015665
170,3.340252,35.0,74.656635
170,3.435688,36.0,69.165276
170,3.531123,37.0,66.307279
170,3.626559,38.0,44.031684
170,3.721995,39.0,27.133911
170,3.817431,40.0,15.051913
170,3.912867,41.0,8.746935
170,4.008302,42.0,6.745401
170,4.103738,43.0,8.922275
170,4.199174,44.0,30.3631
170,4.29461,45.0,61.880033
170,4.390045,46.0,91.019435
170,4.485481,47.0,89.02068
170,4.580917,48.0,79.716334
170,4.676353,49.0,75.17093
170,4.771789,50.0,65.347045
170,4.867224,51.0,51.381356
170,4.96266,52.0,39.241365
170,5.058096,53.0,27.310593
170,5.153532,54.0,14.798893
170,5.248967,55.0,9.601312
170,5.344403,56.0,9.884271
170,5.439839,57.0,16.962705
170,5.535275,58.0,36.94173
170,5.63071,59.0,70.56566
170,5.726146,60.0,85.936925
170,5.821582,61.0,85.746261
170,5.917018,62.0,73.19097
170,6.012454,63.0,72.179669
170,6.107889,64.0,60.563313
170,6.203325,65.0,49.656571
170,6.298761,66.0,34.949575
170,6.394197,67.0,22.912896
170,6.489632,68.0,12.788924
170,6.585068,69.0,11.097953
170,6.680504,70.0,12.139873
170,6.77594,71.0,37.923673
170,6.871375,72.0,66.543824
170,6.966811,73.0,86.956749
170,7.062247,74.0,89.08999
170,7.157683,75.0,77.165909
170,7.253119,76.0,75.596947
170,7.348554,77.0,67.254076
170,7.44399,78.0,53.960321
170,7.539426,79.0,40.991024
170,7.634862,80.0,29.53867
170,7.730297,81.0,17.403412
170,7.825733,82.0,11.021505
170,7.921169,83.0,10.364499
170,8.016605,84.0,12.785327
170,8.11204,85.0,29.331103
170,8.207476,86.0,54.93459
170,8.302912,87.0,81.033678
170,8.398348,88.0,74.588155
170,8.493784,89.0,45.166382
170,8.589219,90.0,14.241034
170,8.684655,91.0,0.434073
170,8.780091,92.0,1.08242
170,8.875527,93.0,0.32466
170,8.970962,94.0,0.55
170,9.066398,95.0,1.720445
170,9.161834,96.0,2.368755
170,9.25727,97.0,2.71544
170,9.352705,98.0,3.033479
170,9.448141,99.0,3.22908
170,9.543577,100.0,5.16
171,0.0,0.0,34.22
171,0.095436,1.0,50.114697
171,0.190872,2.0,61.696761
171,0.286307,3.0,69.742115
171,0.381743,4.0,74.584441
171,0.477179,5.0,72.619257
171,0.572615,6.0,69.936527
171,0.66805,7.0,69.184855
171,0.763486,8.0,70.510032
171,0.858922,9.0,71.505664
171,0.954358,10.0,66.356364
171,1.049793,11.0,53.007054
171,1.145229,12.0,41.267932
171,1.240665,13.0,28.889173
171,1.336101,14.0,18.317274
171,1.431537,15.0,14.455541
171,1.526972,16.0,14.553854
171,1.622408,17.0,21.414537
171,1.717844,18.0,49.790645
171,1.81328,19.0,77.334226
171,1.908715,20.0,93.903201
171,2.004151,21.0,86.869209
171,2.099587,22.0,80.545889
171,2.195023,23.0,79.549697
171,2.290458,24.0,70.823531
171,2.385894,25.0,56.1715
171,2.48133,26.0,40.100025
171,2.576766,27.0,26.695578
171,2.672202,28.0,16.89482
171,2.767637,29.0,12.529186
171,2.863073,30.0,12.68164
171,2.958509,31.0,18.522501
171,3.053945,32.0,44.416861
171,3.14938,33.0,72.758626
171,3.244816,34.0,82.854297
171,3.340252,35.0,79.005533
171,3.435688,36.0,73.514269
171,3.531123,37.0,63.982659
171,3.626559,38.0,55.674981
171,3.721995,39.0,45.093381
171,3.817431,40.0,34.437977
171,3.912867,41.0,21.211008
171,4.008302,42.0,13.834093
171,4.103738,43.0,8.258643
171,4.199174,44.0,10.245603
171,4.29461,45.0,26.885096
171,4.390045,46.0,53.815562
171,4.485481,47.0,83.734417
171,4.580917,48.0,89.37002
171,4.676353,49.0,77.39075
171,4.771789,50.0,68.628559
171,4.867224,51.0,60.866859
171,4.96266,52.0,51.597129
171,5.058096,53.0,41.128401
171,5.153532,54.0,25.766013
171,5.248967,55.0,14.79969
171,5.344403,56.0,9.461073
171,5.439839,57.0,8.549122
171,5.535275,58.0,19.614828
171,5.63071,59.0,47.992876
171,5.726146,60.0,79.105358
171,5.821582,61.0,95.547123
171,5.917018,62.0,81.685018
171,6.012454,63.0,77.179909
171,6.107889,64.0,68.813893
171,6.203325,65.0,57.292012
171,6.298761,66.0,42.809623
171,6.394197,67.0,32.452176
171,6.489632,68.0,22.885427
171,6.585068,69.0,19.754595
171,6.680504,70.0,19.535978
171,6.77594,71.0,23.282736
171,6.871375,72.0,52.045141
171,6.966811,73.0,81.453705
171,7.062247,74.0,85.348805
171,7.157683,75.0,75.193534
171,7.253119,76.0,71.19566
171,7.348554,77.0,61.644952
171,7.44399,78.0,53.081673
171,7.539426,79.0,38.910425
171,7.634862,80.0,30.212762
171,7.730297,81.0,22.894182
171,7.825733,82.0,19.53635
171,7.921169,83.0,19.590353
171,8.016605,84.0,33.21351
171,8.11204,85.0,69.564225
171,8.207476,86.0,83.761624
171,8.302912,87.0,65.510948
171,8.398348,88.0,34.049932
171,8.493784,89.0,13.407685
171,8.589219,90.0,16.358589
171,8.684655,91.0,16.860528
171,8.780091,92.0,13.512086
171,8.875527,93.0,7.775547
171,8.970962,94.0,6.964345
171,9.066398,95.0,5.240468
171,9.161834,96.0,2.569091
171,9.25727,97.0,3.42025
171,9.352705,98.0,6.715899
171,9.448141,99.0,9.957076
171,9.543577,100.0,13.1
172,0.0,0.0,5.21
172,0.095436,1.0,6.094853
172,0.190872,2.0,9.233737
172,0.286307,3.0,21.086701
172,0.381743,4.0,33.944954
172,0.477179,5.0,75.940154
172,0.572615,6.0,85.182698
172,0.66805,7.0,80.018048
172,0.763486,8.0,76.395157
172,0.858922,9.0,73.816194
172,0.954358,10.0,72.993603
172,1.049793,11.0,61.243624
172,1.145229,12.0,47.073992
172,1.240665,13.0,32.755332
172,1.336101,14.0,20.58607
172,1.431537,15.0,12.736711
172,1.526972,16.0,11.395923
172,1.622408,17.0,16.10109
172,1.717844,18.0,39.485455
172,1.81328,19.0,62.562336
172,1.908715,20.0,88.844491
172,2.004151,21.0,88.038267
172,2.099587,22.0,77.553356
172,2.195023,23.0,77.911743
172,2.290458,24.0,71.584897
172,2.385894,25.0,58.989952
172,2.48133,26.0,43.934547
172,2.576766,27.0,24.148345
172,2.672202,28.0,15.956042
172,2.767637,29.0,10.844064
172,2.863073,30.0,13.024178
172,2.958509,31.0,28.027878
172,3.053945,32.0,59.739415
172,3.14938,33.0,85.693665
172,3.244816,34.0,89.015498
172,3.340252,35.0,83.803096
172,3.435688,36.0,79.708705
172,3.531123,37.0,73.644898
172,3.626559,38.0,57.712905
172,3.721995,39.0,49.703147
172,3.817431,40.0,32.547334
172,3.912867,41.0,23.140254
172,4.008302,42.0,15.222638
172,4.103738,43.0,17.265467
172,4.199174,44.0,33.392345
172,4.29461,45.0,71.980049
172,4.390045,46.0,86.302165
172,4.485481,47.0,85.496454
172,4.580917,48.0,82.141239
172,4.676353,49.0,80.429799
172,4.771789,50.0,72.942222
172,4.867224,51.0,55.65402
172,4.96266,52.0,41.477634
172,5.058096,53.0,26.409954
172,5.153532,54.0,14.738872
172,5.248967,55.0,10.953402
172,5.344403,56.0,14.449934
172,5.439839,57.0,23.422249
172,5.535275,58.0,57.343392
172,5.63071,59.0,73.902619
172,5.726146,60.0,83.900263
172,5.821582,61.0,80.396154
172,5.917018,62.0,78.725817
172,6.012454,63.0,73.259468
172,6.107889,64.0,64.020039
172,6.203325,65.0,47.28626
172,6.298761,66.0,34.803976
172,6.394197,67.0,22.701082
172,6.489632,68.0,14.891858
172,6.585068,69.0,12.055698
172,6.680504,70.0,16.65687
172,6.77594,71.0,47.181924
172,6.871375,72.0,72.886972
172,6.966811,73.0,82.214866
172,7.062247,74.0,77.784409
172,7.157683,75.0,77.30431
172,7.253119,76.0,67.160081
172,7.348554,77.0,57.321629
172,7.44399,78.0,41.809902
172,7.539426,79.0,30.880939
172,7.634862,80.0,18.995606
172,7.730297,81.0,13.170379
172,7.825733,82.0,11.659998
172,7.921169,83.0,22.323704
172,8.016605,84.0,52.976365
172,8.11204,85.0,77.519807
172,8.207476,86.0,77.762656
172,8.302912,87.0,48.778686
172,8.398348,88.0,32.384639
172,8.493784,89.0,15.990635
172,8.589219,90.0,2.203816
172,8.684655,91.0,1.170665
172,8.780091,92.0,1.190577
172,8.875527,93.0,0.972452
172,8.970962,94.0,1.199921
172,9.066398,95.0,1.365067
172,9.161834,96.0,1.513403
172,9.25727,97.0,1.691722
172,9.352705,98.0,3.018787
172,9.448141,99.0,5.846984
172,9.543577,100.0,10.98
173,0.0,0.0,6.93
173,0.095436,1.0,7.584634
173,0.190872,2.0,9.808656
173,0.286307,3.0,22.06212
173,0.381743,4.0,39.494389
173,0.477179,5.0,63.222625
173,0.572615,6.0,81.423751
173,0.66805,7.0,80.865194
173,0.763486,8.0,76.087202
173,0.858922,9.0,77.486071
173,0.954358,10.0,78.483
173,1.049793,11.0,67.596318
173,1.145229,12.0,50.737416
173,1.240665,13.0,37.921615
173,1.336101,14.0,22.977039
173,1.431537,15.0,13.6515
173,1.526972,16.0,11.858136
173,1.622408,17.0,17.12919
173,1.717844,18.0,32.24936
173,1.81328,19.0,68.410791
173,1.908715,20.0,88.531
173,2.004151,21.0,93.053673
173,2.099587,22.0,82.561313
173,2.195023,23.0,77.183548
173,2.290458,24.0,75.485833
173,2.385894,25.0,65.4385
173,2.48133,26.0,53.055093
173,2.576766,27.0,34.823815
173,2.672202,28.0,25.858209
173,2.767637,29.0,18.580436
173,2.863073,30.0,15.137
173,2.958509,31.0,28.880603
173,3.053945,32.0,54.915488
173,3.14938,33.0,78.887663
173,3.244816,34.0,93.711637
173,3.340252,35.0,89.435789
173,3.435688,36.0,80.221106
173,3.531123,37.0,79.052115
173,3.626559,38.0,72.336664
173,3.721995,39.0,52.600747
173,3.817431,40.0,37.242391
173,3.912867,41.0,25.841896
173,4.008302,42.0,18.375792
173,4.103738,43.0,14.479379
173,4.199174,44.0,23.938994
173,4.29461,45.0,48.85455
173,4.390045,46.0,72.752153
173,4.485481,47.0,95.127877
173,4.580917,48.0,89.356947
173,4.676353,49.0,81.464977
173,4.771789,50.0,73.740377
173,4.867224,51.0,58.400293
173,4.96266,52.0,43.544205
173,5.058096,53.0,29.150539
173,5.153532,54.0,15.820114
173,5.248967,55.0,10.210169
173,5.344403,56.0,13.733424
173,5.439839,57.0,33.591641
173,5.535275,58.0,72.171531
173,5.63071,59.0,92.614119
173,5.726146,60.0,93.622105
173,5.821582,61.0,80.47195
173,5.917018,62.0,74.884292
173,6.012454,63.0,64.744617
173,6.107889,64.0,51.952096
173,6.203325,65.0,32.623
173,6.298761,66.0,22.171745
173,6.394197,67.0,13.757367
173,6.489632,68.0,11.293593
173,6.585068,69.0,23.247924
173,6.680504,70.0,51.136374
173,6.77594,71.0,81.209749
173,6.871375,72.0,87.76755
173,6.966811,73.0,81.33886
173,7.062247,74.0,79.480828
173,7.157683,75.0,75.018771
173,7.253119,76.0,65.732393
173,7.348554,77.0,51.448988
173,7.44399,78.0,39.472462
173,7.539426,79.0,26.535436
173,7.634862,80.0,20.168621
173,7.730297,81.0,16.843643
173,7.825733,82.0,14.985829
173,7.921169,83.0,19.64144
173,8.016605,84.0,38.038785
173,8.11204,85.0,68.095833
173,8.207476,86.0,80.828003
173,8.302912,87.0,78.764521
173,8.398348,88.0,57.430452
173,8.493784,89.0,21.487924
173,8.589219,90.0,15.588689
173,8.684655,91.0,11.897214
173,8.780091,92.0,8.663732
173,8.875527,93.0,7.8734
173,8.970962,94.0,7.5436
173,9.066398,95.0,6.724569
173,9.161834,96.0,6.553082
173,9.25727,97.0,6.470427
173,9.352705,98.0,6.4672
173,9.448141,99.0,6.62395
173,9.543577,100.0,6.67
174,0.0,0.0,7.83
174,0.095436,1.0,7.917119
174,0.190872,2.0,9.510769
174,0.286307,3.0,18.851429
174,0.381743,4.0,46.444
174,0.477179,5.0,69.500083
174,0.572615,6.0,86.295
174,0.66805,7.0,85.0075
174,0.763486,8.0,77.17
174,0.858922,9.0,75.730968
174,0.954358,10.0,76.232733
174,1.049793,11.0,68.872083
174,1.145229,12.0,58.353867
174,1.240665,13.0,44.709625
174,1.336101,14.0,28.87
174,1.431537,15.0,18.0925
174,1.526972,16.0,14.222308
174,1.622408,17.0,20.31589
174,1.717844,18.0,34.685833
174,1.81328,19.0,78.3015
174,1.908715,20.0,98.036667
174,2.004151,21.0,98.7225
174,2.099587,22.0,85.960625
174,2.195023,23.0,79.415852
174,2.290458,24.0,72.24
174,2.385894,25.0,64.637
174,2.48133,26.0,55.773143
174,2.576766,27.0,39.362585
174,2.672202,28.0,25.128421
174,2.767637,29.0,14.803626
174,2.863073,30.0,17.227667
174,2.958509,31.0,47.291419
174,3.053945,32.0,81.2325
174,3.14938,33.0,99.192078
174,3.244816,34.0,94.764122
174,3.340252,35.0,74.069753
174,3.435688,36.0,68.427881
174,3.531123,37.0,57.983311
174,3.626559,38.0,49.08418
174,3.721995,39.0,32.803833
174,3.817431,40.0,21.315
174,3.912867,41.0,12.126047
174,4.008302,42.0,10.585
174,4.103738,43.0,20.080275
174,4.199174,44.0,54.75
174,4.29461,45.0,87.452203
174,4.390045,46.0,89.0365
174,4.485481,47.0,79.184433
174,4.580917,48.0,74.044
174,4.676353,49.0,62.5635
174,4.771789,50.0,48.492568
174,4.867224,51.0,33.654435
174,4.96266,52.0,19.31
174,5.058096,53.0,14.19875
174,5.153532,54.0,14.415
174,5.248967,55.0,29.963594
174,5.344403,56.0,58.686351
174,5.439839,57.0,79.415937
174,5.535275,58.0,93.130385
174,5.63071,59.0,83.258611
174,5.726146,60.0,76.038361
174,5.821582,61.0,73.395381
174,5.917018,62.0,62.774009
174,6.012454,63.0,49.513051
174,6.107889,64.0,31.776667
174,6.203325,65.0,22.81875
174,6.298761,66.0,13.220847
174,6.394197,67.0,12.185083
174,6.489632,68.0,21.386667
174,6.585068,69.0,44.795484
174,6.680504,70.0,72.884189
174,6.77594,71.0,86.475574
174,6.871375,72.0,79.158649
174,6.966811,73.0,74.506786
174,7.062247,74.0,66.06
174,7.157683,75.0,54.7025
174,7.253119,76.0,43.261053
174,7.348554,77.0,31.343412
174,7.44399,78.0,18.2
174,7.539426,79.0,11.475
174,7.634862,80.0,12.831867
174,7.730297,81.0,19.684375
174,7.825733,82.0,57.614375
174,7.921169,83.0,77.169
174,8.016605,84.0,85.408
174,8.11204,85.0,72.635625
174,8.207476,86.0,30.567986
174,8.302912,87.0,6.853833
174,8.398348,88.0,2.516
174,8.493784,89.0,4.8785
174,8.589219,90.0,1.965
174,8.684655,91.0,2.30875
174,8.780091,92.0,3.013125
174,8.875527,93.0,4.137446
174,8.970962,94.0,5.315
174,9.066398,95.0,5.768125
174,9.161834,96.0,7.635
174,9.25727,97.0,9.8195
174,9.352705,98.0,12.399239
174,9.448141,99.0,14.497534
174,9.543577,100.0,19.14
