percent,mean_angle,smooth_angle,sd_angle,mean_minus_sd,mean_plus_sd,n_sessions
0.0,8.574615,13.44889,7.390012,1.184604,15.964627,26
1.0,12.636393,17.306806,12.827303,-0.19091,25.463696,26
2.0,19.135661,22.084621,19.371966,-0.236306,38.507627,26
3.0,28.880553,31.437821,24.716743,4.16381,53.597296,26
4.0,41.195884,42.127356,25.695541,15.500343,66.891426,26
5.0,55.340614,52.726147,22.937624,32.40299,78.278238,26
6.0,66.08407,61.679967,18.429891,47.654179,84.513961,26
7.0,72.129614,67.909626,13.625336,58.504279,85.75495,26
8.0,73.649654,70.651296,10.181582,63.468072,83.831235,26
9.0,72.344179,70.022703,9.813282,62.530896,82.157461,26
10.0,69.048964,66.366345,10.905668,58.143296,79.954632,26
11.0,62.941104,60.165826,13.057912,49.883192,75.999016,26
12.0,53.847824,51.959538,16.659298,37.188526,70.507122,26
13.0,42.647059,42.511556,18.049597,24.597463,60.696656,26
14.0,31.312741,33.167344,16.526432,14.786309,47.839173,26
15.0,21.809053,25.961016,12.403251,9.405801,34.212304,26
16.0,16.220041,22.946641,8.012153,8.207888,24.232194,26
17.0,17.816185,25.941607,10.369236,7.446949,28.185421,26
18.0,27.575187,34.597531,20.404261,7.170926,47.979448,26
19.0,46.287568,46.861258,29.005657,17.281911,75.293225,26
20.0,65.088676,59.555114,28.502458,36.586218,93.591134,26
21.0,77.538676,69.74994,18.460103,59.078573,95.998779,26
22.0,81.285465,75.148886,10.844897,70.440568,92.130363,26
23.0,78.549313,75.181932,7.08379,71.465524,85.633103,26
24.0,73.282298,70.43252,9.667142,63.615156,82.94944,26
25.0,65.253907,62.249976,14.289009,50.964899,79.542916,26
26.0,53.791617,52.377713,17.202039,36.589578,70.993657,26
27.0,40.372743,41.958103,17.819879,22.552864,58.192622,26
28.0,29.188,32.782012,15.941733,13.246268,45.129733,26
29.0,21.184246,27.529982,11.983924,9.200322,33.168169,26
30.0,19.373454,27.842549,10.434979,8.938475,29.808433,26
31.0,27.531469,34.189874,19.071002,8.460466,46.602471,26
32.0,41.935576,44.931027,28.568899,13.366677,70.504475,26
33.0,60.924624,56.933001,28.620365,32.304258,89.544989,26
34.0,74.890011,67.192615,23.172931,51.71708,98.062942,26
35.0,79.383326,73.509339,17.619009,61.764317,97.002335,26
36.0,78.829539,74.471299,11.890916,66.938623,90.720456,26
37.0,73.519195,70.18991,10.078616,63.440579,83.597811,26
38.0,65.734424,62.484766,15.340325,50.394099,81.074749,26
39.0,53.483063,52.547292,18.731102,34.751961,72.214165,26
40.0,40.857609,42.107518,19.293824,21.563785,60.151434,26
41.0,29.142169,32.637795,18.160759,10.98141,47.302927,26
42.0,21.320327,27.197245,15.65513,5.665197,36.975457,26
43.0,18.385808,27.435852,11.809837,6.575971,30.195645,26
44.0,26.280313,33.429132,16.875024,9.405289,43.155337,26
45.0,42.050645,43.659477,25.860464,16.190181,67.911109,26
46.0,59.108568,55.349218,29.703092,29.405476,88.811661,26
47.0,72.472053,65.301663,25.043849,47.428204,97.515902,26
48.0,76.83451,71.161659,21.025888,55.808622,97.860398,26
49.0,76.042539,72.295035,18.510547,57.531992,94.553085,26
50.0,71.350628,68.766769,14.438584,56.912044,85.789212,26
51.0,64.775448,61.930986,14.714929,50.060519,79.490378,26
52.0,54.830721,52.92616,19.385746,35.444976,74.216467,26
53.0,42.655593,43.515346,20.718177,21.937416,63.37377,26
54.0,31.018411,35.417253,20.07413,10.944281,51.092541,26
55.0,24.296556,30.49895,18.796356,5.5002,43.092912,26
56.0,24.284985,30.546894,20.065597,4.219388,44.350583,26
57.0,30.239207,36.000185,24.669858,5.569349,54.909065,26
58.0,42.89531,45.70551,28.050507,14.844803,70.945816,26
59.0,58.284868,56.636713,24.76117,33.523698,83.046038,26
60.0,72.823179,65.62164,22.455174,50.368005,95.278353,26
61.0,78.941003,70.792682,21.859852,57.081152,100.800855,26
62.0,75.16384,71.603369,20.507941,54.655899,95.671781,26
63.0,68.750519,67.784341,19.656527,49.093993,88.407046,26
64.0,62.338304,60.577197,19.714518,42.623786,82.052823,26
65.0,53.728039,52.13424,20.809376,32.918663,74.537414,26
66.0,42.905283,43.8617,23.058828,19.846455,65.964111,26
67.0,32.949056,37.03439,21.563152,11.385903,54.512208,26
68.0,27.387816,33.074474,19.666902,7.720914,47.054718,26
69.0,28.201755,33.426826,22.646683,5.555072,50.848437,26
70.0,33.92846,38.294065,26.625238,7.303222,60.553698,26
71.0,44.667045,47.216841,26.67011,17.996936,71.337155,26
72.0,57.285247,56.887266,23.399685,33.885562,80.684932,26
73.0,72.001696,64.794121,20.607747,51.393949,92.609444,26
74.0,76.55388,69.575244,20.809593,55.744287,97.363474,26
75.0,73.462736,70.466776,20.102099,53.360637,93.564835,26
76.0,68.572663,66.713408,21.738653,46.83401,90.311315,26
77.0,61.742906,60.136019,20.419004,41.323903,82.16191,26
78.0,53.234855,52.453172,20.561894,32.672961,73.796749,26
79.0,43.666934,44.429851,21.438987,22.227947,65.105921,26
80.0,35.048503,37.703698,21.758573,13.289931,56.807076,26
81.0,28.456054,33.476463,21.603023,6.853031,50.059077,26
82.0,28.112145,32.361909,23.508739,4.603406,51.620885,26
83.0,32.098678,34.847334,25.521841,6.576836,57.620519,26
84.0,38.094166,40.143233,25.829222,12.264944,63.923388,26
85.0,47.475626,46.00971,25.04427,22.431356,72.519896,26
86.0,54.935552,49.788479,25.986603,28.948949,80.922155,26
87.0,57.44453,49.699959,28.622653,28.821877,86.067183,26
88.0,50.992523,44.875922,31.213294,19.77923,82.205817,26
89.0,37.651566,36.988354,27.759951,9.891615,65.411517,26
90.0,23.355438,28.028554,20.014352,3.341086,43.36979,26
91.0,15.497711,20.308083,16.806512,-1.308801,32.304222,26
92.0,12.645531,15.297961,15.419182,-2.773652,28.064713,26
93.0,12.39017,13.178503,17.449153,-5.058983,29.839323,26
94.0,12.600954,12.53384,18.133183,-5.532228,30.734137,26
95.0,12.758151,12.346814,18.471837,-5.713686,31.229988,26
96.0,12.274394,12.071157,17.482169,-5.207774,29.756563,26
97.0,11.7104,11.648921,14.364453,-2.654053,26.074853,26
98.0,11.011884,11.285829,10.060588,0.951296,21.072472,26
99.0,10.489776,11.038688,7.866169,2.623607,18.355945,26
100.0,10.942692,10.814784,8.08197,2.860722,19.024663,26
